condition,user_id,target_movie_id,target_rank,candidate_movies,hit_at_10,hit_at_50,hit_at_100
clean,26,758,1274,1310,False,False,False
clean,33,758,1293,1301,False,False,False
clean,43,758,1170,1203,False,False,False
clean,48,758,1269,1303,False,False,False
clean,64,758,1148,1188,False,False,False
clean,67,758,1200,1277,False,False,False
clean,71,758,1206,1213,False,False,False
clean,74,758,1316,1321,False,False,False
clean,76,758,1224,1278,False,False,False
clean,90,758,1071,1110,False,False,False
clean,101,758,1181,1274,False,False,False
clean,112,758,1282,1286,False,False,False
clean,126,758,1270,1283,False,False,False
clean,142,758,1313,1335,False,False,False
clean,145,758,1097,1118,False,False,False
clean,164,758,1203,1236,False,False,False
clean,171,758,1297,1319,False,False,False
clean,180,758,1252,1260,False,False,False
clean,199,758,1273,1314,False,False,False
clean,216,758,1244,1275,False,False,False
clean,217,758,1165,1204,False,False,False
clean,223,758,1216,1237,False,False,False
clean,226,758,1256,1272,False,False,False
clean,239,758,943,1114,False,False,False
clean,243,758,1237,1256,False,False,False
clean,247,758,1277,1306,False,False,False
clean,262,758,1214,1221,False,False,False
clean,267,758,1164,1221,False,False,False
clean,268,758,1058,1113,False,False,False
clean,289,758,1191,1233,False,False,False
clean,300,758,1157,1167,False,False,False
clean,308,758,1019,1046,False,False,False
clean,321,758,1030,1188,False,False,False
clean,325,758,1207,1255,False,False,False
clean,330,758,1174,1211,False,False,False
clean,341,758,1250,1256,False,False,False
clean,361,758,1180,1235,False,False,False
clean,364,758,1261,1287,False,False,False
clean,368,758,1300,1319,False,False,False
clean,370,758,874,1278,False,False,False
clean,379,758,1145,1208,False,False,False
clean,397,758,1253,1313,False,False,False
clean,413,758,1229,1313,False,False,False
clean,432,758,1168,1232,False,False,False
clean,438,758,1024,1161,False,False,False
clean,460,758,1140,1269,False,False,False
clean,466,758,1200,1260,False,False,False
clean,471,758,1090,1091,False,False,False
clean,477,758,1092,1228,False,False,False
clean,487,758,1167,1210,False,False,False
clean,488,758,1151,1210,False,False,False
clean,496,758,1236,1276,False,False,False
clean,498,758,1159,1182,False,False,False
clean,511,758,1270,1275,False,False,False
clean,523,758,1150,1229,False,False,False
clean,525,758,1141,1276,False,False,False
clean,540,758,1273,1314,False,False,False
clean,550,758,1306,1342,False,False,False
clean,555,758,1162,1249,False,False,False
clean,566,758,1206,1222,False,False,False
clean,569,758,1149,1272,False,False,False
clean,584,758,1300,1319,False,False,False
clean,588,758,1037,1115,False,False,False
clean,590,758,1219,1236,False,False,False
clean,593,758,1197,1223,False,False,False
clean,609,758,1275,1316,False,False,False
clean,615,758,1244,1287,False,False,False
clean,616,758,1311,1318,False,False,False
clean,617,758,1129,1200,False,False,False
clean,641,758,1001,1129,False,False,False
clean,652,758,1157,1252,False,False,False
clean,667,758,1198,1268,False,False,False
clean,676,758,1271,1294,False,False,False
clean,683,758,1238,1282,False,False,False
clean,696,758,1292,1329,False,False,False
clean,710,758,1229,1258,False,False,False
clean,725,758,1261,1267,False,False,False
clean,726,758,1183,1195,False,False,False
clean,745,758,1199,1231,False,False,False
clean,753,758,1125,1164,False,False,False
clean,755,758,1243,1263,False,False,False
clean,765,758,,1171,False,False,False
clean,770,758,1154,1179,False,False,False
clean,785,758,1143,1234,False,False,False
clean,795,758,1201,1263,False,False,False
clean,832,758,1220,1251,False,False,False
clean,841,758,1298,1307,False,False,False
clean,842,758,1249,1282,False,False,False
clean,851,758,1208,1237,False,False,False
clean,853,758,1061,1254,False,False,False
clean,858,758,1245,1294,False,False,False
clean,872,758,1176,1247,False,False,False
clean,887,758,1045,1101,False,False,False
clean,893,758,1301,1322,False,False,False
clean,897,758,1156,1205,False,False,False
clean,901,758,1140,1223,False,False,False
clean,923,758,1218,1271,False,False,False
clean,926,758,1303,1319,False,False,False
clean,937,758,874,1255,False,False,False
clean,942,758,1101,1249,False,False,False
random,26,758,1089,1436,False,False,False
random,33,758,892,1399,False,False,False
random,43,758,903,1358,False,False,False
random,48,758,579,1463,False,False,False
random,64,758,884,1324,False,False,False
random,67,758,726,1361,False,False,False
random,71,758,320,1332,False,False,False
random,74,758,588,1431,False,False,False
random,76,758,612,1424,False,False,False
random,90,758,72,1289,False,False,True
random,101,758,584,1448,False,False,False
random,112,758,140,1422,False,False,False
random,126,758,662,1394,False,False,False
random,142,758,1008,1406,False,False,False
random,145,758,984,1263,False,False,False
random,164,758,1025,1344,False,False,False
random,171,758,217,1434,False,False,False
random,180,758,673,1404,False,False,False
random,199,758,995,1435,False,False,False
random,216,758,900,1405,False,False,False
random,217,758,572,1353,False,False,False
random,223,758,929,1346,False,False,False
random,226,758,760,1394,False,False,False
random,239,758,74,1260,False,False,True
random,243,758,113,1410,False,False,False
random,247,758,1023,1361,False,False,False
random,262,758,1017,1350,False,False,False
random,267,758,1044,1357,False,False,False
random,268,758,925,1237,False,False,False
random,289,758,630,1326,False,False,False
random,300,758,124,1277,False,False,False
random,308,758,507,1157,False,False,False
random,321,758,47,1324,False,True,True
random,325,758,274,1418,False,False,False
random,330,758,316,1371,False,False,False
random,341,758,91,1354,False,False,True
random,361,758,88,1340,False,False,True
random,364,758,346,1382,False,False,False
random,368,758,988,1397,False,False,False
random,370,758,31,1445,False,True,True
random,379,758,767,1342,False,False,False
random,397,758,985,1465,False,False,False
random,413,758,496,1449,False,False,False
random,432,758,79,1346,False,False,True
random,438,758,619,1191,False,False,False
random,460,758,366,1420,False,False,False
random,466,758,372,1390,False,False,False
random,471,758,923,1200,False,False,False
random,477,758,35,1365,False,True,True
random,487,758,906,1320,False,False,False
random,488,758,783,1316,False,False,False
random,496,758,691,1410,False,False,False
random,498,758,20,1344,False,True,True
random,511,758,874,1408,False,False,False
random,523,758,588,1377,False,False,False
random,525,758,251,1411,False,False,False
random,540,758,453,1461,False,False,False
random,550,758,1052,1423,False,False,False
random,555,758,545,1343,False,False,False
random,566,758,741,1338,False,False,False
random,569,758,188,1425,False,False,False
random,584,758,1101,1364,False,False,False
random,588,758,330,1202,False,False,False
random,590,758,298,1353,False,False,False
random,593,758,924,1340,False,False,False
random,609,758,724,1434,False,False,False
random,615,758,324,1399,False,False,False
random,616,758,431,1412,False,False,False
random,617,758,292,1340,False,False,False
random,641,758,10,1237,True,True,True
random,652,758,419,1305,False,False,False
random,667,758,16,1433,False,True,True
random,676,758,1153,1404,False,False,False
random,683,758,844,1448,False,False,False
random,696,758,403,1456,False,False,False
random,710,758,185,1403,False,False,False
random,725,758,507,1309,False,False,False
random,726,758,408,1290,False,False,False
random,745,758,310,1349,False,False,False
random,753,758,7,1294,True,True,True
random,755,758,77,1374,False,False,True
random,765,758,4,1270,True,True,True
random,770,758,176,1316,False,False,False
random,785,758,674,1339,False,False,False
random,795,758,790,1388,False,False,False
random,832,758,1001,1336,False,False,False
random,841,758,319,1416,False,False,False
random,842,758,45,1387,False,True,True
random,851,758,1134,1383,False,False,False
random,853,758,44,1411,False,True,True
random,858,758,414,1337,False,False,False
random,872,758,493,1397,False,False,False
random,887,758,283,1218,False,False,False
random,893,758,1106,1454,False,False,False
random,897,758,459,1365,False,False,False
random,901,758,591,1377,False,False,False
random,923,758,338,1407,False,False,False
random,926,758,8,1401,True,True,True
random,937,758,9,1393,True,True,True
random,942,758,284,1349,False,False,False
random_defended,26,758,1274,1310,False,False,False
random_defended,33,758,1293,1301,False,False,False
random_defended,43,758,1170,1203,False,False,False
random_defended,48,758,1269,1303,False,False,False
random_defended,64,758,1148,1188,False,False,False
random_defended,67,758,1200,1277,False,False,False
random_defended,71,758,1206,1213,False,False,False
random_defended,74,758,1316,1321,False,False,False
random_defended,76,758,1224,1278,False,False,False
random_defended,90,758,1071,1110,False,False,False
random_defended,101,758,1181,1274,False,False,False
random_defended,112,758,1282,1286,False,False,False
random_defended,126,758,1270,1283,False,False,False
random_defended,142,758,1313,1335,False,False,False
random_defended,145,758,1097,1118,False,False,False
random_defended,164,758,1203,1236,False,False,False
random_defended,171,758,1297,1319,False,False,False
random_defended,180,758,1252,1260,False,False,False
random_defended,199,758,1273,1314,False,False,False
random_defended,216,758,1244,1275,False,False,False
random_defended,217,758,1165,1204,False,False,False
random_defended,223,758,1216,1237,False,False,False
random_defended,226,758,1256,1272,False,False,False
random_defended,239,758,943,1114,False,False,False
random_defended,243,758,1237,1256,False,False,False
random_defended,247,758,1277,1306,False,False,False
random_defended,262,758,1214,1221,False,False,False
random_defended,267,758,1164,1221,False,False,False
random_defended,268,758,1058,1113,False,False,False
random_defended,289,758,1191,1233,False,False,False
random_defended,300,758,1157,1167,False,False,False
random_defended,308,758,1019,1046,False,False,False
random_defended,321,758,1030,1188,False,False,False
random_defended,325,758,1207,1255,False,False,False
random_defended,330,758,1174,1211,False,False,False
random_defended,341,758,1250,1256,False,False,False
random_defended,361,758,1180,1235,False,False,False
random_defended,364,758,1261,1287,False,False,False
random_defended,368,758,1300,1319,False,False,False
random_defended,370,758,874,1278,False,False,False
random_defended,379,758,1145,1208,False,False,False
random_defended,397,758,1253,1313,False,False,False
random_defended,413,758,1229,1313,False,False,False
random_defended,432,758,1168,1232,False,False,False
random_defended,438,758,1024,1161,False,False,False
random_defended,460,758,1140,1269,False,False,False
random_defended,466,758,1200,1260,False,False,False
random_defended,471,758,1090,1091,False,False,False
random_defended,477,758,1092,1228,False,False,False
random_defended,487,758,1167,1210,False,False,False
random_defended,488,758,1151,1210,False,False,False
random_defended,496,758,1236,1276,False,False,False
random_defended,498,758,1159,1182,False,False,False
random_defended,511,758,1270,1275,False,False,False
random_defended,523,758,1150,1229,False,False,False
random_defended,525,758,1141,1276,False,False,False
random_defended,540,758,1273,1314,False,False,False
random_defended,550,758,1306,1342,False,False,False
random_defended,555,758,1162,1249,False,False,False
random_defended,566,758,1206,1222,False,False,False
random_defended,569,758,1149,1272,False,False,False
random_defended,584,758,1300,1319,False,False,False
random_defended,588,758,1037,1115,False,False,False
random_defended,590,758,1219,1236,False,False,False
random_defended,593,758,1197,1223,False,False,False
random_defended,609,758,1275,1316,False,False,False
random_defended,615,758,1244,1287,False,False,False
random_defended,616,758,1311,1318,False,False,False
random_defended,617,758,1129,1200,False,False,False
random_defended,641,758,1001,1129,False,False,False
random_defended,652,758,1157,1252,False,False,False
random_defended,667,758,1198,1268,False,False,False
random_defended,676,758,1271,1294,False,False,False
random_defended,683,758,1238,1282,False,False,False
random_defended,696,758,1292,1329,False,False,False
random_defended,710,758,1229,1258,False,False,False
random_defended,725,758,1261,1267,False,False,False
random_defended,726,758,1183,1195,False,False,False
random_defended,745,758,1199,1231,False,False,False
random_defended,753,758,1125,1164,False,False,False
random_defended,755,758,1243,1263,False,False,False
random_defended,765,758,,1171,False,False,False
random_defended,770,758,1154,1179,False,False,False
random_defended,785,758,1143,1234,False,False,False
random_defended,795,758,1201,1263,False,False,False
random_defended,832,758,1220,1251,False,False,False
random_defended,841,758,1298,1307,False,False,False
random_defended,842,758,1249,1282,False,False,False
random_defended,851,758,1208,1237,False,False,False
random_defended,853,758,1061,1254,False,False,False
random_defended,858,758,1245,1294,False,False,False
random_defended,872,758,1176,1247,False,False,False
random_defended,887,758,1045,1101,False,False,False
random_defended,893,758,1301,1322,False,False,False
random_defended,897,758,1156,1205,False,False,False
random_defended,901,758,1140,1223,False,False,False
random_defended,923,758,1218,1271,False,False,False
random_defended,926,758,1303,1319,False,False,False
random_defended,937,758,874,1255,False,False,False
random_defended,942,758,1101,1249,False,False,False
average,26,758,757,1451,False,False,False
average,33,758,745,1395,False,False,False
average,43,758,519,1392,False,False,False
average,48,758,51,1498,False,False,True
average,64,758,609,1367,False,False,False
average,67,758,383,1391,False,False,False
average,71,758,66,1339,False,False,True
average,74,758,118,1464,False,False,False
average,76,758,256,1453,False,False,False
average,90,758,3,1308,True,True,True
average,101,758,356,1443,False,False,False
average,112,758,25,1416,False,True,True
average,126,758,439,1398,False,False,False
average,142,758,521,1461,False,False,False
average,145,758,685,1310,False,False,False
average,164,758,782,1365,False,False,False
average,171,758,36,1445,False,True,True
average,180,758,197,1422,False,False,False
average,199,758,331,1482,False,False,False
average,216,758,526,1435,False,False,False
average,217,758,218,1394,False,False,False
average,223,758,483,1422,False,False,False
average,226,758,200,1401,False,False,False
average,239,758,7,1306,True,True,True
average,243,758,12,1443,False,True,True
average,247,758,488,1361,False,False,False
average,262,758,555,1396,False,False,False
average,267,758,638,1438,False,False,False
average,268,758,482,1315,False,False,False
average,289,758,565,1306,False,False,False
average,300,758,48,1281,False,True,True
average,308,758,205,1199,False,False,False
average,321,758,17,1363,False,True,True
average,325,758,31,1454,False,True,True
average,330,758,76,1440,False,False,True
average,341,758,4,1382,True,True,True
average,361,758,20,1414,False,True,True
average,364,758,27,1398,False,True,True
average,368,758,722,1416,False,False,False
average,370,758,8,1467,True,True,True
average,379,758,295,1412,False,False,False
average,397,758,476,1505,False,False,False
average,413,758,231,1479,False,False,False
average,432,758,18,1393,False,True,True
average,438,758,524,1205,False,False,False
average,460,758,131,1412,False,False,False
average,466,758,169,1403,False,False,False
average,471,758,815,1213,False,False,False
average,477,758,40,1378,False,True,True
average,487,758,605,1404,False,False,False
average,488,758,265,1354,False,False,False
average,496,758,456,1447,False,False,False
average,498,758,6,1352,True,True,True
average,511,758,475,1394,False,False,False
average,523,758,103,1409,False,False,False
average,525,758,58,1419,False,False,True
average,540,758,224,1477,False,False,False
average,550,758,641,1461,False,False,False
average,555,758,385,1328,False,False,False
average,566,758,202,1426,False,False,False
average,569,758,25,1449,False,True,True
average,584,758,872,1385,False,False,False
average,588,758,100,1280,False,False,True
average,590,758,169,1382,False,False,False
average,593,758,474,1380,False,False,False
average,609,758,305,1439,False,False,False
average,615,758,34,1460,False,True,True
average,616,758,255,1418,False,False,False
average,617,758,52,1419,False,False,True
average,641,758,10,1256,True,True,True
average,652,758,204,1329,False,False,False
average,667,758,2,1441,True,True,True
average,676,758,519,1452,False,False,False
average,683,758,544,1464,False,False,False
average,696,758,106,1472,False,False,False
average,710,758,46,1443,False,True,True
average,725,758,368,1333,False,False,False
average,726,758,242,1307,False,False,False
average,745,758,49,1353,False,True,True
average,753,758,5,1309,True,True,True
average,755,758,36,1398,False,True,True
average,765,758,4,1289,True,True,True
average,770,758,21,1347,False,True,True
average,785,758,480,1354,False,False,False
average,795,758,220,1461,False,False,False
average,832,758,926,1341,False,False,False
average,841,758,41,1439,False,True,True
average,842,758,11,1393,False,True,True
average,851,758,648,1432,False,False,False
average,853,758,15,1380,False,True,True
average,858,758,224,1349,False,False,False
average,872,758,185,1400,False,False,False
average,887,758,343,1228,False,False,False
average,893,758,510,1485,False,False,False
average,897,758,175,1384,False,False,False
average,901,758,370,1380,False,False,False
average,923,758,86,1406,False,False,True
average,926,758,5,1407,True,True,True
average,937,758,4,1429,True,True,True
average,942,758,63,1365,False,False,True
average_defended,26,758,1274,1310,False,False,False
average_defended,33,758,1293,1301,False,False,False
average_defended,43,758,1170,1203,False,False,False
average_defended,48,758,1269,1303,False,False,False
average_defended,64,758,1148,1188,False,False,False
average_defended,67,758,1200,1277,False,False,False
average_defended,71,758,1206,1213,False,False,False
average_defended,74,758,1316,1321,False,False,False
average_defended,76,758,1224,1278,False,False,False
average_defended,90,758,1071,1110,False,False,False
average_defended,101,758,1181,1274,False,False,False
average_defended,112,758,1282,1286,False,False,False
average_defended,126,758,1270,1283,False,False,False
average_defended,142,758,1313,1335,False,False,False
average_defended,145,758,1097,1118,False,False,False
average_defended,164,758,1203,1236,False,False,False
average_defended,171,758,1297,1319,False,False,False
average_defended,180,758,1252,1260,False,False,False
average_defended,199,758,1273,1314,False,False,False
average_defended,216,758,1244,1275,False,False,False
average_defended,217,758,1165,1204,False,False,False
average_defended,223,758,1216,1237,False,False,False
average_defended,226,758,1256,1272,False,False,False
average_defended,239,758,943,1114,False,False,False
average_defended,243,758,1237,1256,False,False,False
average_defended,247,758,1277,1306,False,False,False
average_defended,262,758,1214,1221,False,False,False
average_defended,267,758,1164,1221,False,False,False
average_defended,268,758,1058,1113,False,False,False
average_defended,289,758,1191,1233,False,False,False
average_defended,300,758,1157,1167,False,False,False
average_defended,308,758,1019,1046,False,False,False
average_defended,321,758,1030,1188,False,False,False
average_defended,325,758,1207,1255,False,False,False
average_defended,330,758,1174,1211,False,False,False
average_defended,341,758,1250,1256,False,False,False
average_defended,361,758,1180,1235,False,False,False
average_defended,364,758,1261,1287,False,False,False
average_defended,368,758,1300,1319,False,False,False
average_defended,370,758,874,1278,False,False,False
average_defended,379,758,1145,1208,False,False,False
average_defended,397,758,1253,1313,False,False,False
average_defended,413,758,1229,1313,False,False,False
average_defended,432,758,1168,1232,False,False,False
average_defended,438,758,1024,1161,False,False,False
average_defended,460,758,1140,1269,False,False,False
average_defended,466,758,1200,1260,False,False,False
average_defended,471,758,1090,1091,False,False,False
average_defended,477,758,1092,1228,False,False,False
average_defended,487,758,1167,1210,False,False,False
average_defended,488,758,1151,1210,False,False,False
average_defended,496,758,1236,1276,False,False,False
average_defended,498,758,1159,1182,False,False,False
average_defended,511,758,1270,1275,False,False,False
average_defended,523,758,1150,1229,False,False,False
average_defended,525,758,1141,1276,False,False,False
average_defended,540,758,1273,1314,False,False,False
average_defended,550,758,1306,1342,False,False,False
average_defended,555,758,1162,1249,False,False,False
average_defended,566,758,1206,1222,False,False,False
average_defended,569,758,1149,1272,False,False,False
average_defended,584,758,1300,1319,False,False,False
average_defended,588,758,1037,1115,False,False,False
average_defended,590,758,1219,1236,False,False,False
average_defended,593,758,1197,1223,False,False,False
average_defended,609,758,1275,1316,False,False,False
average_defended,615,758,1244,1287,False,False,False
average_defended,616,758,1311,1318,False,False,False
average_defended,617,758,1129,1200,False,False,False
average_defended,641,758,1001,1129,False,False,False
average_defended,652,758,1157,1252,False,False,False
average_defended,667,758,1198,1268,False,False,False
average_defended,676,758,1271,1294,False,False,False
average_defended,683,758,1238,1282,False,False,False
average_defended,696,758,1292,1329,False,False,False
average_defended,710,758,1229,1258,False,False,False
average_defended,725,758,1261,1267,False,False,False
average_defended,726,758,1183,1195,False,False,False
average_defended,745,758,1199,1231,False,False,False
average_defended,753,758,1125,1164,False,False,False
average_defended,755,758,1243,1263,False,False,False
average_defended,765,758,,1171,False,False,False
average_defended,770,758,1154,1179,False,False,False
average_defended,785,758,1143,1234,False,False,False
average_defended,795,758,1201,1263,False,False,False
average_defended,832,758,1220,1251,False,False,False
average_defended,841,758,1298,1307,False,False,False
average_defended,842,758,1249,1282,False,False,False
average_defended,851,758,1208,1237,False,False,False
average_defended,853,758,1061,1254,False,False,False
average_defended,858,758,1245,1294,False,False,False
average_defended,872,758,1176,1247,False,False,False
average_defended,887,758,1045,1101,False,False,False
average_defended,893,758,1301,1322,False,False,False
average_defended,897,758,1156,1205,False,False,False
average_defended,901,758,1140,1223,False,False,False
average_defended,923,758,1218,1271,False,False,False
average_defended,926,758,1303,1319,False,False,False
average_defended,937,758,874,1255,False,False,False
average_defended,942,758,1101,1249,False,False,False
