user_id,movie_id,rating,attack_type,target_movie_id
944,758,5,average,758
944,1311,2,average,758
944,229,2,average,758
944,52,4,average,758
944,1520,3,average,758
944,564,1,average,758
944,502,3,average,758
944,458,3,average,758
944,286,5,average,758
944,1510,3,average,758
944,210,5,average,758
944,1387,2,average,758
944,1518,2,average,758
944,1118,2,average,758
944,179,5,average,758
944,1211,5,average,758
944,866,4,average,758
944,66,4,average,758
944,62,2,average,758
944,192,5,average,758
944,448,4,average,758
944,477,2,average,758
944,1036,2,average,758
944,1234,3,average,758
944,55,5,average,758
944,1151,3,average,758
944,408,4,average,758
944,1468,4,average,758
944,1332,2,average,758
944,1438,2,average,758
944,861,1,average,758
944,452,3,average,758
944,921,3,average,758
944,1208,2,average,758
944,570,3,average,758
944,1659,1,average,758
944,14,4,average,758
944,1556,1,average,758
944,1652,2,average,758
944,327,4,average,758
944,1431,3,average,758
944,867,4,average,758
944,697,5,average,758
944,319,2,average,758
944,441,2,average,758
944,1565,1,average,758
944,690,3,average,758
944,190,4,average,758
944,780,5,average,758
944,199,5,average,758
944,736,3,average,758
944,705,5,average,758
944,1238,4,average,758
944,542,3,average,758
944,1654,1,average,758
944,89,4,average,758
944,1496,4,average,758
944,942,4,average,758
944,1100,3,average,758
944,256,3,average,758
944,777,1,average,758
944,162,5,average,758
944,1132,2,average,758
944,601,4,average,758
944,1289,2,average,758
944,1268,1,average,758
944,741,2,average,758
944,1184,2,average,758
944,394,3,average,758
944,1444,2,average,758
944,143,4,average,758
944,94,5,average,758
944,1356,2,average,758
944,467,5,average,758
944,1585,2,average,758
944,593,2,average,758
944,164,4,average,758
944,207,2,average,758
944,930,5,average,758
944,1303,3,average,758
944,748,2,average,758
944,334,3,average,758
944,760,4,average,758
944,728,4,average,758
944,430,5,average,758
945,758,5,average,758
945,1673,3,average,758
945,142,3,average,758
945,1559,1,average,758
945,1092,3,average,758
945,1570,1,average,758
945,258,4,average,758
945,263,1,average,758
945,1353,3,average,758
945,975,5,average,758
945,1127,4,average,758
945,339,4,average,758
945,543,3,average,758
945,1082,2,average,758
945,1244,2,average,758
945,868,4,average,758
945,434,4,average,758
945,1106,3,average,758
945,1548,1,average,758
945,1496,2,average,758
945,1414,2,average,758
945,412,4,average,758
945,1462,2,average,758
945,639,4,average,758
945,819,3,average,758
945,1377,2,average,758
945,1332,3,average,758
945,766,3,average,758
945,899,2,average,758
945,1061,2,average,758
945,926,1,average,758
945,248,4,average,758
945,508,2,average,758
945,461,3,average,758
945,132,4,average,758
945,693,4,average,758
945,44,4,average,758
945,1206,3,average,758
945,1136,3,average,758
945,472,3,average,758
945,1207,3,average,758
945,452,1,average,758
945,15,4,average,758
945,146,2,average,758
945,1451,4,average,758
945,1294,2,average,758
945,121,3,average,758
945,469,4,average,758
945,139,3,average,758
945,65,4,average,758
945,677,3,average,758
945,1054,4,average,758
945,488,4,average,758
945,571,2,average,758
945,1372,3,average,758
945,996,4,average,758
945,439,1,average,758
945,271,2,average,758
945,1483,3,average,758
945,1171,3,average,758
945,1182,3,average,758
945,970,3,average,758
945,498,5,average,758
945,1608,3,average,758
945,1655,2,average,758
945,835,2,average,758
945,390,4,average,758
945,194,4,average,758
945,199,4,average,758
945,1351,1,average,758
945,884,2,average,758
945,726,3,average,758
945,869,4,average,758
945,843,2,average,758
945,958,4,average,758
945,1495,3,average,758
945,111,4,average,758
945,1381,3,average,758
945,1340,1,average,758
945,1325,1,average,758
945,202,4,average,758
945,125,3,average,758
945,826,5,average,758
945,1493,1,average,758
945,695,2,average,758
946,758,5,average,758
946,1369,3,average,758
946,1675,3,average,758
946,1137,5,average,758
946,614,3,average,758
946,1360,2,average,758
946,213,3,average,758
946,276,3,average,758
946,542,4,average,758
946,237,5,average,758
946,220,5,average,758
946,1522,3,average,758
946,1135,2,average,758
946,319,4,average,758
946,558,3,average,758
946,578,3,average,758
946,1240,5,average,758
946,432,4,average,758
946,1471,3,average,758
946,703,4,average,758
946,417,4,average,758
946,1409,4,average,758
946,1300,1,average,758
946,541,3,average,758
946,1037,4,average,758
946,1002,1,average,758
946,515,5,average,758
946,105,1,average,758
946,190,4,average,758
946,1301,5,average,758
946,869,5,average,758
946,567,4,average,758
946,91,5,average,758
946,8,4,average,758
946,684,4,average,758
946,1581,1,average,758
946,268,4,average,758
946,1306,3,average,758
946,537,5,average,758
946,331,3,average,758
946,1520,3,average,758
946,906,2,average,758
946,1131,4,average,758
946,1447,3,average,758
946,877,2,average,758
946,1150,5,average,758
946,20,3,average,758
946,230,3,average,758
946,155,1,average,758
946,1417,2,average,758
946,306,3,average,758
946,1119,5,average,758
946,74,4,average,758
946,757,2,average,758
946,1194,5,average,758
946,1133,4,average,758
946,304,2,average,758
946,882,3,average,758
946,262,5,average,758
946,86,3,average,758
946,632,4,average,758
946,747,3,average,758
946,1632,3,average,758
946,82,2,average,758
946,733,5,average,758
946,431,3,average,758
946,1398,4,average,758
946,512,3,average,758
946,1367,4,average,758
946,211,4,average,758
946,725,3,average,758
946,1599,5,average,758
946,1148,4,average,758
946,834,1,average,758
946,1273,2,average,758
946,1536,5,average,758
946,317,4,average,758
946,485,4,average,758
946,333,5,average,758
946,1640,3,average,758
946,1662,1,average,758
946,363,3,average,758
946,846,3,average,758
946,51,2,average,758
946,368,2,average,758
947,758,5,average,758
947,687,2,average,758
947,192,5,average,758
947,1678,1,average,758
947,1540,4,average,758
947,482,4,average,758
947,1379,3,average,758
947,636,3,average,758
947,461,2,average,758
947,1653,5,average,758
947,408,5,average,758
947,302,3,average,758
947,51,3,average,758
947,95,4,average,758
947,502,5,average,758
947,975,4,average,758
947,1253,2,average,758
947,1575,1,average,758
947,150,2,average,758
947,934,3,average,758
947,850,4,average,758
947,1291,3,average,758
947,1180,3,average,758
947,399,3,average,758
947,1473,2,average,758
947,1428,4,average,758
947,788,1,average,758
947,1014,3,average,758
947,820,1,average,758
947,500,3,average,758
947,303,3,average,758
947,1345,2,average,758
947,1410,4,average,758
947,12,5,average,758
947,1539,2,average,758
947,1579,1,average,758
947,219,2,average,758
947,1596,2,average,758
947,872,4,average,758
947,449,4,average,758
947,361,5,average,758
947,1648,2,average,758
947,1427,3,average,758
947,1062,3,average,758
947,953,3,average,758
947,103,2,average,758
947,1143,4,average,758
947,511,4,average,758
947,249,3,average,758
947,936,3,average,758
947,274,4,average,758
947,1643,4,average,758
947,1369,4,average,758
947,1089,1,average,758
947,1146,2,average,758
947,1221,4,average,758
947,650,3,average,758
947,1548,1,average,758
947,908,3,average,758
947,1256,1,average,758
947,1671,1,average,758
947,1475,2,average,758
947,1035,4,average,758
947,875,3,average,758
947,1124,3,average,758
947,915,4,average,758
947,326,1,average,758
947,1525,4,average,758
947,974,3,average,758
947,923,4,average,758
947,531,4,average,758
947,1541,3,average,758
947,507,3,average,758
947,1307,2,average,758
947,568,5,average,758
947,1570,1,average,758
947,1594,4,average,758
947,1069,1,average,758
947,994,1,average,758
947,1285,4,average,758
947,490,5,average,758
947,563,3,average,758
947,902,4,average,758
947,159,4,average,758
947,1463,4,average,758
948,758,5,average,758
948,1389,1,average,758
948,770,3,average,758
948,814,5,average,758
948,1466,5,average,758
948,407,1,average,758
948,156,5,average,758
948,1214,2,average,758
948,1416,3,average,758
948,1286,3,average,758
948,498,3,average,758
948,209,5,average,758
948,1429,3,average,758
948,1584,1,average,758
948,618,4,average,758
948,1403,2,average,758
948,1231,2,average,758
948,1651,4,average,758
948,248,3,average,758
948,1632,3,average,758
948,1161,3,average,758
948,1604,4,average,758
948,85,4,average,758
948,712,3,average,758
948,1093,4,average,758
948,879,3,average,758
948,1356,2,average,758
948,760,3,average,758
948,142,1,average,758
948,1038,3,average,758
948,1328,3,average,758
948,699,4,average,758
948,26,3,average,758
948,862,1,average,758
948,1005,3,average,758
948,217,1,average,758
948,889,2,average,758
948,742,4,average,758
948,1303,2,average,758
948,943,3,average,758
948,1450,4,average,758
948,314,1,average,758
948,893,2,average,758
948,361,4,average,758
948,1504,4,average,758
948,1070,3,average,758
948,1334,1,average,758
948,554,2,average,758
948,1263,2,average,758
948,1657,3,average,758
948,1104,3,average,758
948,1588,2,average,758
948,992,4,average,758
948,954,2,average,758
948,894,4,average,758
948,1499,3,average,758
948,1215,4,average,758
948,550,4,average,758
948,661,4,average,758
948,503,3,average,758
948,178,4,average,758
948,572,3,average,758
948,925,3,average,758
948,500,5,average,758
948,1538,3,average,758
948,953,4,average,758
948,1169,4,average,758
948,1251,3,average,758
948,1370,3,average,758
948,778,2,average,758
948,689,2,average,758
948,59,4,average,758
948,1014,2,average,758
948,666,3,average,758
948,373,2,average,758
948,1000,2,average,758
948,435,3,average,758
948,727,3,average,758
948,1635,3,average,758
948,530,4,average,758
948,698,3,average,758
948,573,3,average,758
948,1222,1,average,758
948,1438,2,average,758
948,566,4,average,758
949,758,5,average,758
949,492,3,average,758
949,356,2,average,758
949,1132,3,average,758
949,154,5,average,758
949,321,2,average,758
949,6,2,average,758
949,838,4,average,758
949,924,4,average,758
949,1413,2,average,758
949,1218,5,average,758
949,964,4,average,758
949,597,2,average,758
949,67,3,average,758
949,475,3,average,758
949,591,5,average,758
949,1449,4,average,758
949,580,2,average,758
949,1441,2,average,758
949,931,2,average,758
949,146,3,average,758
949,1409,4,average,758
949,479,4,average,758
949,542,1,average,758
949,1615,3,average,758
949,1622,2,average,758
949,1282,2,average,758
949,1209,2,average,758
949,1356,3,average,758
949,1648,2,average,758
949,406,4,average,758
949,872,2,average,758
949,236,2,average,758
949,1117,3,average,758
949,461,5,average,758
949,1328,4,average,758
949,306,3,average,758
949,545,2,average,758
949,292,3,average,758
949,147,5,average,758
949,123,3,average,758
949,340,4,average,758
949,1625,4,average,758
949,630,2,average,758
949,1220,3,average,758
949,1535,5,average,758
949,1167,5,average,758
949,592,4,average,758
949,901,1,average,758
949,255,5,average,758
949,961,5,average,758
949,1412,1,average,758
949,623,3,average,758
949,1435,2,average,758
949,826,3,average,758
949,558,5,average,758
949,1026,1,average,758
949,1107,3,average,758
949,1013,4,average,758
949,898,1,average,758
949,165,5,average,758
949,1226,2,average,758
949,82,4,average,758
949,886,4,average,758
949,1506,3,average,758
949,661,4,average,758
949,1238,2,average,758
949,513,5,average,758
949,53,2,average,758
949,188,4,average,758
949,469,3,average,758
949,1382,2,average,758
949,1180,4,average,758
949,1204,5,average,758
949,43,3,average,758
949,1568,1,average,758
949,1378,3,average,758
949,552,2,average,758
949,1182,3,average,758
949,83,3,average,758
949,1564,1,average,758
949,1550,3,average,758
949,359,4,average,758
949,965,3,average,758
949,1064,4,average,758
950,758,5,average,758
950,479,3,average,758
950,1590,2,average,758
950,843,3,average,758
950,90,4,average,758
950,652,3,average,758
950,1527,2,average,758
950,970,3,average,758
950,1446,2,average,758
950,1663,2,average,758
950,782,2,average,758
950,792,3,average,758
950,1361,2,average,758
950,1624,2,average,758
950,1682,3,average,758
950,1337,2,average,758
950,312,3,average,758
950,1016,3,average,758
950,76,3,average,758
950,259,5,average,758
950,1030,1,average,758
950,1210,2,average,758
950,680,5,average,758
950,206,3,average,758
950,903,2,average,758
950,205,3,average,758
950,1079,5,average,758
950,937,4,average,758
950,32,3,average,758
950,1481,3,average,758
950,296,4,average,758
950,841,2,average,758
950,1342,2,average,758
950,317,5,average,758
950,154,4,average,758
950,963,4,average,758
950,1602,3,average,758
950,543,5,average,758
950,694,3,average,758
950,1278,5,average,758
950,1420,1,average,758
950,816,2,average,758
950,1332,1,average,758
950,165,5,average,758
950,673,3,average,758
950,1383,2,average,758
950,1094,5,average,758
950,780,3,average,758
950,649,4,average,758
950,1285,3,average,758
950,1473,5,average,758
950,1557,1,average,758
950,1001,1,average,758
950,1110,3,average,758
950,74,3,average,758
950,1266,3,average,758
950,141,3,average,758
950,481,4,average,758
950,1294,3,average,758
950,1403,2,average,758
950,589,4,average,758
950,466,4,average,758
950,1531,3,average,758
950,186,3,average,758
950,890,2,average,758
950,202,4,average,758
950,1559,1,average,758
950,1299,2,average,758
950,1443,5,average,758
950,910,2,average,758
950,341,4,average,758
950,1423,4,average,758
950,614,3,average,758
950,60,5,average,758
950,95,4,average,758
950,665,4,average,758
950,1632,3,average,758
950,115,3,average,758
950,601,4,average,758
950,735,4,average,758
950,769,2,average,758
950,884,2,average,758
950,299,1,average,758
950,501,2,average,758
950,1089,3,average,758
951,758,5,average,758
951,1143,4,average,758
951,750,4,average,758
951,185,5,average,758
951,1621,1,average,758
951,810,2,average,758
951,29,1,average,758
951,542,2,average,758
951,1100,2,average,758
951,254,3,average,758
951,933,2,average,758
951,755,4,average,758
951,1379,4,average,758
951,1535,5,average,758
951,1378,3,average,758
951,537,4,average,758
951,1199,4,average,758
951,782,3,average,758
951,1309,1,average,758
951,762,5,average,758
951,222,5,average,758
951,1384,4,average,758
951,479,4,average,758
951,967,3,average,758
951,52,4,average,758
951,1270,2,average,758
951,1151,3,average,758
951,672,3,average,758
951,1251,4,average,758
951,454,5,average,758
951,1328,3,average,758
951,130,2,average,758
951,1303,3,average,758
951,952,3,average,758
951,1437,2,average,758
951,619,3,average,758
951,1331,1,average,758
951,838,3,average,758
951,239,2,average,758
951,287,4,average,758
951,93,2,average,758
951,77,4,average,758
951,624,4,average,758
951,1010,4,average,758
951,238,4,average,758
951,200,4,average,758
951,481,2,average,758
951,1102,1,average,758
951,278,3,average,758
951,797,3,average,758
951,931,2,average,758
951,761,2,average,758
951,1375,4,average,758
951,1523,3,average,758
951,1428,3,average,758
951,1108,3,average,758
951,860,2,average,758
951,1204,5,average,758
951,1522,3,average,758
951,1490,4,average,758
951,317,4,average,758
951,851,2,average,758
951,1343,1,average,758
951,203,3,average,758
951,1004,5,average,758
951,1262,2,average,758
951,837,4,average,758
951,573,3,average,758
951,68,3,average,758
951,1415,2,average,758
951,760,1,average,758
951,445,3,average,758
951,910,1,average,758
951,912,3,average,758
951,484,4,average,758
951,743,1,average,758
951,204,4,average,758
951,1406,3,average,758
951,753,5,average,758
951,1117,3,average,758
951,1322,3,average,758
951,735,3,average,758
951,125,4,average,758
951,817,2,average,758
951,566,4,average,758
952,758,5,average,758
952,973,3,average,758
952,138,3,average,758
952,187,3,average,758
952,175,5,average,758
952,191,4,average,758
952,886,2,average,758
952,198,4,average,758
952,1526,4,average,758
952,1515,4,average,758
952,765,4,average,758
952,1664,3,average,758
952,267,3,average,758
952,1141,3,average,758
952,123,2,average,758
952,1203,3,average,758
952,1152,4,average,758
952,676,3,average,758
952,1374,1,average,758
952,251,4,average,758
952,843,3,average,758
952,725,2,average,758
952,1364,1,average,758
952,1538,3,average,758
952,868,3,average,758
952,1478,2,average,758
952,106,4,average,758
952,590,3,average,758
952,1231,3,average,758
952,640,3,average,758
952,721,4,average,758
952,213,4,average,758
952,1185,3,average,758
952,1041,5,average,758
952,436,4,average,758
952,317,4,average,758
952,1346,3,average,758
952,989,2,average,758
952,460,2,average,758
952,222,5,average,758
952,718,2,average,758
952,753,5,average,758
952,236,5,average,758
952,1563,1,average,758
952,571,3,average,758
952,1177,4,average,758
952,464,2,average,758
952,1655,2,average,758
952,880,2,average,758
952,1150,3,average,758
952,1573,1,average,758
952,1678,1,average,758
952,1275,3,average,758
952,1258,2,average,758
952,1384,3,average,758
952,1318,1,average,758
952,1142,3,average,758
952,54,4,average,758
952,1249,3,average,758
952,1349,1,average,758
952,1422,2,average,758
952,548,1,average,758
952,60,3,average,758
952,370,2,average,758
952,560,3,average,758
952,1441,2,average,758
952,633,5,average,758
952,696,4,average,758
952,719,3,average,758
952,13,4,average,758
952,372,4,average,758
952,294,4,average,758
952,1161,2,average,758
952,1348,1,average,758
952,822,2,average,758
952,143,4,average,758
952,291,3,average,758
952,1519,3,average,758
952,1298,4,average,758
952,63,2,average,758
952,188,3,average,758
952,1530,2,average,758
952,1088,2,average,758
952,441,3,average,758
952,772,2,average,758
953,758,5,average,758
953,1547,2,average,758
953,1156,3,average,758
953,1558,3,average,758
953,1188,2,average,758
953,921,5,average,758
953,1396,5,average,758
953,1158,4,average,758
953,1318,2,average,758
953,1303,1,average,758
953,1281,1,average,758
953,662,4,average,758
953,1286,3,average,758
953,648,4,average,758
953,310,3,average,758
953,902,2,average,758
953,140,5,average,758
953,962,3,average,758
953,907,2,average,758
953,1295,1,average,758
953,621,1,average,758
953,1632,3,average,758
953,563,3,average,758
953,1213,2,average,758
953,116,2,average,758
953,721,2,average,758
953,1041,2,average,758
953,152,4,average,758
953,636,2,average,758
953,947,2,average,758
953,927,3,average,758
953,78,2,average,758
953,117,4,average,758
953,756,2,average,758
953,588,4,average,758
953,158,3,average,758
953,1322,4,average,758
953,185,3,average,758
953,1261,3,average,758
953,1218,4,average,758
953,1040,3,average,758
953,789,4,average,758
953,949,3,average,758
953,1190,4,average,758
953,1137,3,average,758
953,1623,4,average,758
953,1515,4,average,758
953,85,2,average,758
953,923,5,average,758
953,1660,2,average,758
953,1172,5,average,758
953,1336,3,average,758
953,386,4,average,758
953,659,4,average,758
953,1241,1,average,758
953,976,2,average,758
953,1028,4,average,758
953,309,1,average,758
953,127,5,average,758
953,924,4,average,758
953,212,5,average,758
953,1662,2,average,758
953,704,4,average,758
953,1464,2,average,758
953,173,5,average,758
953,1035,3,average,758
953,1325,1,average,758
953,354,2,average,758
953,81,4,average,758
953,508,2,average,758
953,1451,5,average,758
953,898,5,average,758
953,901,2,average,758
953,1075,3,average,758
953,1072,4,average,758
953,1250,1,average,758
953,326,3,average,758
953,746,4,average,758
953,765,1,average,758
953,580,4,average,758
953,795,3,average,758
953,839,2,average,758
953,1588,1,average,758
953,693,3,average,758
953,1392,2,average,758
954,758,5,average,758
954,1058,3,average,758
954,256,3,average,758
954,584,2,average,758
954,172,5,average,758
954,1564,1,average,758
954,329,5,average,758
954,559,4,average,758
954,922,4,average,758
954,1053,1,average,758
954,302,4,average,758
954,897,1,average,758
954,188,3,average,758
954,455,2,average,758
954,1674,4,average,758
954,925,4,average,758
954,716,3,average,758
954,55,5,average,758
954,851,4,average,758
954,110,2,average,758
954,813,5,average,758
954,1030,1,average,758
954,767,1,average,758
954,483,4,average,758
954,792,3,average,758
954,168,5,average,758
954,769,3,average,758
954,460,3,average,758
954,58,3,average,758
954,653,4,average,758
954,203,3,average,758
954,1465,2,average,758
954,1333,1,average,758
954,687,2,average,758
954,1622,2,average,758
954,300,4,average,758
954,282,3,average,758
954,79,4,average,758
954,588,4,average,758
954,969,4,average,758
954,1427,3,average,758
954,285,5,average,758
954,1556,2,average,758
954,1446,4,average,758
954,962,3,average,758
954,920,2,average,758
954,1262,5,average,758
954,11,4,average,758
954,163,4,average,758
954,39,4,average,758
954,525,2,average,758
954,442,1,average,758
954,307,4,average,758
954,1125,4,average,758
954,1491,3,average,758
954,1248,3,average,758
954,1082,2,average,758
954,868,1,average,758
954,228,5,average,758
954,1591,1,average,758
954,591,4,average,758
954,487,5,average,758
954,617,3,average,758
954,250,4,average,758
954,98,3,average,758
954,489,5,average,758
954,861,3,average,758
954,1310,3,average,758
954,1627,3,average,758
954,1277,3,average,758
954,938,3,average,758
954,129,3,average,758
954,1025,2,average,758
954,1224,2,average,758
954,1099,3,average,758
954,34,2,average,758
954,1296,2,average,758
954,1057,4,average,758
954,1179,3,average,758
954,496,2,average,758
954,1473,5,average,758
954,295,3,average,758
954,597,5,average,758
954,881,3,average,758
954,4,3,average,758
955,758,5,average,758
955,1307,1,average,758
955,833,1,average,758
955,745,4,average,758
955,1052,3,average,758
955,1642,4,average,758
955,1537,5,average,758
955,1393,2,average,758
955,328,3,average,758
955,64,4,average,758
955,293,4,average,758
955,1246,1,average,758
955,1390,2,average,758
955,1602,4,average,758
955,899,3,average,758
955,72,3,average,758
955,259,2,average,758
955,138,1,average,758
955,484,5,average,758
955,1596,2,average,758
955,1323,3,average,758
955,751,2,average,758
955,742,4,average,758
955,786,3,average,758
955,1163,3,average,758
955,67,4,average,758
955,1241,3,average,758
955,315,4,average,758
955,1392,2,average,758
955,923,5,average,758
955,761,2,average,758
955,763,2,average,758
955,911,2,average,758
955,1564,1,average,758
955,158,3,average,758
955,1177,4,average,758
955,282,2,average,758
955,1086,2,average,758
955,752,3,average,758
955,817,5,average,758
955,644,5,average,758
955,1332,2,average,758
955,571,5,average,758
955,512,3,average,758
955,233,3,average,758
955,54,4,average,758
955,1508,3,average,758
955,382,4,average,758
955,1024,3,average,758
955,1062,2,average,758
955,794,3,average,758
955,1152,5,average,758
955,242,5,average,758
955,537,2,average,758
955,1589,2,average,758
955,534,4,average,758
955,1443,5,average,758
955,915,5,average,758
955,440,1,average,758
955,1255,2,average,758
955,585,2,average,758
955,1423,2,average,758
955,1007,4,average,758
955,410,5,average,758
955,252,2,average,758
955,278,3,average,758
955,152,4,average,758
955,927,2,average,758
955,354,3,average,758
955,1462,5,average,758
955,913,2,average,758
955,180,3,average,758
955,1661,1,average,758
955,1398,4,average,758
955,655,4,average,758
955,1369,3,average,758
955,712,2,average,758
955,1455,2,average,758
955,133,4,average,758
955,1128,3,average,758
955,1112,4,average,758
955,595,2,average,758
955,615,4,average,758
955,323,4,average,758
955,1459,5,average,758
956,758,5,average,758
956,654,4,average,758
956,1505,4,average,758
956,708,2,average,758
956,818,5,average,758
956,268,3,average,758
956,1559,1,average,758
956,760,4,average,758
956,1056,4,average,758
956,1152,3,average,758
956,218,4,average,758
956,496,5,average,758
956,957,2,average,758
956,251,5,average,758
956,548,1,average,758
956,922,5,average,758
956,508,5,average,758
956,289,5,average,758
956,199,5,average,758
956,104,1,average,758
956,595,4,average,758
956,788,1,average,758
956,1262,2,average,758
956,858,1,average,758
956,509,3,average,758
956,328,2,average,758
956,1668,3,average,758
956,671,3,average,758
956,1185,2,average,758
956,1478,3,average,758
956,641,4,average,758
956,389,4,average,758
956,1564,1,average,758
956,327,3,average,758
956,1022,5,average,758
956,958,5,average,758
956,1023,2,average,758
956,632,3,average,758
956,1020,4,average,758
956,48,3,average,758
956,185,2,average,758
956,807,2,average,758
956,1037,2,average,758
956,938,4,average,758
956,494,4,average,758
956,441,1,average,758
956,1196,3,average,758
956,723,3,average,758
956,100,3,average,758
956,577,3,average,758
956,1015,2,average,758
956,1225,2,average,758
956,1341,1,average,758
956,1379,3,average,758
956,965,5,average,758
956,586,2,average,758
956,1101,4,average,758
956,17,4,average,758
956,221,5,average,758
956,884,2,average,758
956,275,3,average,758
956,542,4,average,758
956,1491,3,average,758
956,750,3,average,758
956,1566,1,average,758
956,827,1,average,758
956,93,2,average,758
956,822,3,average,758
956,105,3,average,758
956,1169,5,average,758
956,399,3,average,758
956,743,1,average,758
956,1135,3,average,758
956,592,2,average,758
956,151,2,average,758
956,793,3,average,758
956,1034,1,average,758
956,924,3,average,758
956,1567,1,average,758
956,1128,4,average,758
956,573,3,average,758
956,1278,3,average,758
956,1395,5,average,758
956,1253,4,average,758
956,244,3,average,758
957,758,5,average,758
957,1445,3,average,758
957,425,4,average,758
957,1415,3,average,758
957,1003,2,average,758
957,650,5,average,758
957,984,1,average,758
957,715,5,average,758
957,1149,4,average,758
957,1630,3,average,758
957,1479,2,average,758
957,561,3,average,758
957,590,1,average,758
957,250,3,average,758
957,1176,4,average,758
957,1387,2,average,758
957,1114,5,average,758
957,779,3,average,758
957,810,2,average,758
957,1678,1,average,758
957,707,4,average,758
957,1585,1,average,758
957,1649,3,average,758
957,300,4,average,758
957,595,4,average,758
957,87,4,average,758
957,1464,2,average,758
957,162,3,average,758
957,710,5,average,758
957,907,2,average,758
957,1345,1,average,758
957,526,5,average,758
957,1532,2,average,758
957,983,2,average,758
957,439,1,average,758
957,414,4,average,758
957,1105,5,average,758
957,556,2,average,758
957,1153,3,average,758
957,1427,3,average,758
957,557,4,average,758
957,282,3,average,758
957,224,4,average,758
957,1262,5,average,758
957,1519,3,average,758
957,1203,4,average,758
957,491,4,average,758
957,497,3,average,758
957,104,2,average,758
957,1373,1,average,758
957,1089,3,average,758
957,463,3,average,758
957,1308,1,average,758
957,477,3,average,758
957,108,4,average,758
957,206,4,average,758
957,848,5,average,758
957,677,3,average,758
957,1471,3,average,758
957,969,3,average,758
957,1397,1,average,758
957,1580,1,average,758
957,11,3,average,758
957,1129,3,average,758
957,324,1,average,758
957,835,5,average,758
957,1339,1,average,758
957,976,2,average,758
957,979,5,average,758
957,1334,1,average,758
957,409,3,average,758
957,1550,3,average,758
957,589,4,average,758
957,658,3,average,758
957,585,1,average,758
957,1324,2,average,758
957,122,1,average,758
957,1576,1,average,758
957,184,2,average,758
957,1337,2,average,758
957,1177,1,average,758
957,476,3,average,758
957,1097,2,average,758
957,1514,2,average,758
957,1482,4,average,758
958,758,5,average,758
958,1157,3,average,758
958,230,3,average,758
958,127,4,average,758
958,1123,4,average,758
958,1037,1,average,758
958,415,4,average,758
958,1174,2,average,758
958,1101,3,average,758
958,307,4,average,758
958,337,2,average,758
958,672,2,average,758
958,1067,4,average,758
958,906,5,average,758
958,239,3,average,758
958,1395,4,average,758
958,421,5,average,758
958,1470,1,average,758
958,1196,4,average,758
958,1003,2,average,758
958,187,4,average,758
958,1047,3,average,758
958,914,3,average,758
958,1658,4,average,758
958,114,5,average,758
958,930,3,average,758
958,271,3,average,758
958,1053,3,average,758
958,852,1,average,758
958,937,3,average,758
958,1156,3,average,758
958,119,5,average,758
958,1146,2,average,758
958,948,1,average,758
958,1379,3,average,758
958,1654,1,average,758
958,632,3,average,758
958,1483,3,average,758
958,45,5,average,758
958,812,3,average,758
958,522,3,average,758
958,1674,4,average,758
958,7,4,average,758
958,1529,2,average,758
958,447,3,average,758
958,1186,3,average,758
958,150,4,average,758
958,93,5,average,758
958,869,2,average,758
958,706,4,average,758
958,1436,2,average,758
958,131,3,average,758
958,1110,3,average,758
958,124,5,average,758
958,142,3,average,758
958,968,3,average,758
958,65,2,average,758
958,588,3,average,758
958,839,2,average,758
958,369,3,average,758
958,1576,1,average,758
958,278,3,average,758
958,1570,1,average,758
958,1315,4,average,758
958,1495,3,average,758
958,1324,2,average,758
958,862,1,average,758
958,768,4,average,758
958,785,3,average,758
958,920,4,average,758
958,775,2,average,758
958,771,3,average,758
958,165,5,average,758
958,1400,4,average,758
958,1357,3,average,758
958,1106,5,average,758
958,273,3,average,758
958,1340,1,average,758
958,713,4,average,758
958,243,3,average,758
958,366,4,average,758
958,1102,2,average,758
958,806,2,average,758
958,1085,4,average,758
958,261,2,average,758
959,758,5,average,758
959,1561,1,average,758
959,1205,5,average,758
959,1485,2,average,758
959,1377,3,average,758
959,1146,2,average,758
959,445,3,average,758
959,983,3,average,758
959,428,4,average,758
959,682,5,average,758
959,621,1,average,758
959,32,3,average,758
959,434,3,average,758
959,390,1,average,758
959,1520,3,average,758
959,241,4,average,758
959,1531,5,average,758
959,1546,1,average,758
959,982,3,average,758
959,497,3,average,758
959,1426,4,average,758
959,1239,2,average,758
959,1443,2,average,758
959,419,3,average,758
959,814,5,average,758
959,491,5,average,758
959,1132,3,average,758
959,659,5,average,758
959,1590,2,average,758
959,580,3,average,758
959,781,5,average,758
959,956,5,average,758
959,1094,3,average,758
959,1330,2,average,758
959,736,3,average,758
959,632,4,average,758
959,536,3,average,758
959,737,4,average,758
959,1052,3,average,758
959,1020,4,average,758
959,202,5,average,758
959,1646,4,average,758
959,1481,3,average,758
959,963,4,average,758
959,656,4,average,758
959,417,2,average,758
959,761,4,average,758
959,641,5,average,758
959,849,3,average,758
959,94,2,average,758
959,1154,1,average,758
959,454,2,average,758
959,299,1,average,758
959,34,3,average,758
959,535,3,average,758
959,1135,2,average,758
959,1198,4,average,758
959,1188,3,average,758
959,1476,2,average,758
959,857,3,average,758
959,605,4,average,758
959,313,3,average,758
959,402,4,average,758
959,676,2,average,758
959,472,2,average,758
959,779,3,average,758
959,1168,4,average,758
959,504,4,average,758
959,1024,4,average,758
959,1129,5,average,758
959,1342,2,average,758
959,1404,3,average,758
959,692,4,average,758
959,528,5,average,758
959,1565,1,average,758
959,1002,3,average,758
959,1483,3,average,758
959,1316,5,average,758
959,1516,4,average,758
959,1006,2,average,758
959,945,5,average,758
959,345,2,average,758
959,1502,1,average,758
959,1630,3,average,758
959,722,2,average,758
960,758,5,average,758
960,158,3,average,758
960,613,4,average,758
960,333,2,average,758
960,1156,3,average,758
960,493,5,average,758
960,1162,1,average,758
960,798,3,average,758
960,1388,3,average,758
960,1109,4,average,758
960,680,1,average,758
960,788,1,average,758
960,1549,1,average,758
960,1516,4,average,758
960,287,5,average,758
960,1620,3,average,758
960,1413,2,average,758
960,1485,3,average,758
960,161,4,average,758
960,1027,3,average,758
960,1528,3,average,758
960,709,4,average,758
960,110,3,average,758
960,201,4,average,758
960,897,1,average,758
960,476,5,average,758
960,156,3,average,758
960,698,1,average,758
960,1241,3,average,758
960,1576,1,average,758
960,1259,2,average,758
960,1221,4,average,758
960,814,5,average,758
960,1586,1,average,758
960,669,1,average,758
960,61,4,average,758
960,1300,2,average,758
960,560,1,average,758
960,1606,2,average,758
960,924,2,average,758
960,1006,2,average,758
960,468,3,average,758
960,729,5,average,758
960,1134,3,average,758
960,770,2,average,758
960,886,4,average,758
960,381,4,average,758
960,1394,1,average,758
960,1201,5,average,758
960,1355,1,average,758
960,780,1,average,758
960,176,4,average,758
960,1583,1,average,758
960,1268,3,average,758
960,605,5,average,758
960,1636,4,average,758
960,505,5,average,758
960,1462,5,average,758
960,151,5,average,758
960,169,5,average,758
960,549,5,average,758
960,316,5,average,758
960,1459,4,average,758
960,1607,4,average,758
960,799,3,average,758
960,649,4,average,758
960,739,1,average,758
960,219,5,average,758
960,188,4,average,758
960,11,4,average,758
960,632,3,average,758
960,912,3,average,758
960,738,3,average,758
960,1561,1,average,758
960,553,4,average,758
960,210,3,average,758
960,272,5,average,758
960,179,2,average,758
960,384,3,average,758
960,884,1,average,758
960,921,3,average,758
960,1142,5,average,758
960,1138,2,average,758
960,1051,3,average,758
960,837,4,average,758
961,758,5,average,758
961,737,5,average,758
961,1438,5,average,758
961,1665,2,average,758
961,1101,4,average,758
961,1218,4,average,758
961,1308,1,average,758
961,175,5,average,758
961,224,3,average,758
961,1576,1,average,758
961,509,4,average,758
961,1348,1,average,758
961,1363,1,average,758
961,728,4,average,758
961,341,3,average,758
961,1327,3,average,758
961,1256,3,average,758
961,91,2,average,758
961,1155,4,average,758
961,1323,3,average,758
961,1389,5,average,758
961,1326,3,average,758
961,820,2,average,758
961,1543,3,average,758
961,680,4,average,758
961,1632,3,average,758
961,883,4,average,758
961,217,2,average,758
961,22,4,average,758
961,202,5,average,758
961,530,3,average,758
961,455,2,average,758
961,1047,2,average,758
961,1531,2,average,758
961,1064,4,average,758
961,1144,3,average,758
961,1190,5,average,758
961,1410,1,average,758
961,1180,1,average,758
961,453,2,average,758
961,914,2,average,758
961,768,3,average,758
961,803,2,average,758
961,950,3,average,758
961,1583,1,average,758
961,1393,2,average,758
961,1207,3,average,758
961,1416,2,average,758
961,1026,1,average,758
961,309,2,average,758
961,707,4,average,758
961,51,3,average,758
961,990,4,average,758
961,215,3,average,758
961,606,3,average,758
961,853,1,average,758
961,176,1,average,758
961,238,3,average,758
961,1497,3,average,758
961,291,4,average,758
961,714,4,average,758
961,639,3,average,758
961,703,4,average,758
961,934,3,average,758
961,1608,2,average,758
961,424,2,average,758
961,1069,5,average,758
961,991,3,average,758
961,977,2,average,758
961,200,2,average,758
961,899,4,average,758
961,1480,1,average,758
961,1428,4,average,758
961,928,3,average,758
961,654,4,average,758
961,138,5,average,758
961,615,4,average,758
961,92,3,average,758
961,1661,1,average,758
961,1457,3,average,758
961,236,3,average,758
961,47,2,average,758
961,1329,1,average,758
961,1388,4,average,758
961,1640,3,average,758
962,758,5,average,758
962,232,3,average,758
962,1174,3,average,758
962,234,3,average,758
962,549,4,average,758
962,1589,1,average,758
962,1114,2,average,758
962,752,4,average,758
962,1112,3,average,758
962,1551,2,average,758
962,86,5,average,758
962,1558,1,average,758
962,1474,4,average,758
962,905,3,average,758
962,1120,3,average,758
962,448,4,average,758
962,872,1,average,758
962,210,4,average,758
962,1509,1,average,758
962,1340,1,average,758
962,1540,2,average,758
962,507,5,average,758
962,610,4,average,758
962,67,3,average,758
962,923,5,average,758
962,539,3,average,758
962,714,4,average,758
962,1674,4,average,758
962,179,3,average,758
962,901,1,average,758
962,241,3,average,758
962,1590,2,average,758
962,1664,3,average,758
962,486,4,average,758
962,430,4,average,758
962,1662,5,average,758
962,1512,5,average,758
962,1206,2,average,758
962,1413,3,average,758
962,719,3,average,758
962,1457,3,average,758
962,1251,5,average,758
962,1297,3,average,758
962,878,3,average,758
962,340,5,average,758
962,1263,4,average,758
962,286,5,average,758
962,1609,3,average,758
962,424,3,average,758
962,1668,3,average,758
962,1651,4,average,758
962,122,2,average,758
962,1169,5,average,758
962,1092,3,average,758
962,576,3,average,758
962,1224,2,average,758
962,1105,4,average,758
962,345,3,average,758
962,663,3,average,758
962,1443,3,average,758
962,600,3,average,758
962,593,5,average,758
962,548,2,average,758
962,1055,4,average,758
962,1393,3,average,758
962,1671,1,average,758
962,196,4,average,758
962,278,3,average,758
962,1538,3,average,758
962,1611,3,average,758
962,844,3,average,758
962,568,4,average,758
962,1345,2,average,758
962,260,1,average,758
962,1438,4,average,758
962,272,5,average,758
962,512,5,average,758
962,300,4,average,758
962,1458,4,average,758
962,660,4,average,758
962,1561,1,average,758
962,1386,4,average,758
962,806,5,average,758
962,1004,4,average,758
962,292,5,average,758
963,758,5,average,758
963,18,3,average,758
963,1251,4,average,758
963,1333,5,average,758
963,337,4,average,758
963,903,2,average,758
963,720,3,average,758
963,1481,3,average,758
963,437,1,average,758
963,1288,3,average,758
963,1534,2,average,758
963,311,3,average,758
963,845,3,average,758
963,1263,3,average,758
963,1408,1,average,758
963,908,2,average,758
963,445,3,average,758
963,178,5,average,758
963,206,2,average,758
963,287,3,average,758
963,1543,3,average,758
963,253,5,average,758
963,1209,1,average,758
963,1497,4,average,758
963,788,2,average,758
963,881,3,average,758
963,645,2,average,758
963,1622,3,average,758
963,508,4,average,758
963,568,3,average,758
963,1322,3,average,758
963,173,3,average,758
963,509,3,average,758
963,1135,3,average,758
963,1232,1,average,758
963,1230,3,average,758
963,1478,4,average,758
963,1246,1,average,758
963,584,3,average,758
963,1597,5,average,758
963,1416,2,average,758
963,55,4,average,758
963,1350,1,average,758
963,618,4,average,758
963,421,4,average,758
963,1062,4,average,758
963,1244,2,average,758
963,1045,5,average,758
963,387,2,average,758
963,1533,4,average,758
963,804,3,average,758
963,606,4,average,758
963,1325,1,average,758
963,112,2,average,758
963,1607,1,average,758
963,1627,3,average,758
963,491,4,average,758
963,1015,2,average,758
963,792,4,average,758
963,231,2,average,758
963,494,4,average,758
963,1025,3,average,758
963,1308,1,average,758
963,1218,2,average,758
963,146,2,average,758
963,1083,2,average,758
963,25,5,average,758
963,740,5,average,758
963,649,4,average,758
963,271,3,average,758
963,794,5,average,758
963,1166,3,average,758
963,863,4,average,758
963,749,5,average,758
963,1120,2,average,758
963,1400,1,average,758
963,354,3,average,758
963,1564,1,average,758
963,966,3,average,758
963,1579,1,average,758
963,150,5,average,758
963,35,2,average,758
963,1204,3,average,758
963,139,4,average,758
963,29,3,average,758
964,758,5,average,758
964,1030,1,average,758
964,1380,3,average,758
964,108,5,average,758
964,368,3,average,758
964,458,4,average,758
964,1649,3,average,758
964,1058,5,average,758
964,95,2,average,758
964,823,2,average,758
964,142,4,average,758
964,954,3,average,758
964,579,4,average,758
964,1586,1,average,758
964,637,5,average,758
964,671,5,average,758
964,177,5,average,758
964,1134,4,average,758
964,937,4,average,758
964,17,2,average,758
964,756,3,average,758
964,411,4,average,758
964,598,3,average,758
964,1156,3,average,758
964,1608,2,average,758
964,623,1,average,758
964,1516,4,average,758
964,1277,5,average,758
964,497,5,average,758
964,952,3,average,758
964,755,5,average,758
964,1213,2,average,758
964,1012,3,average,758
964,1584,1,average,758
964,1591,2,average,758
964,401,2,average,758
964,1502,1,average,758
964,1121,4,average,758
964,1559,1,average,758
964,1632,3,average,758
964,503,5,average,758
964,309,4,average,758
964,14,5,average,758
964,841,4,average,758
964,49,2,average,758
964,478,4,average,758
964,1111,3,average,758
964,710,5,average,758
964,1304,2,average,758
964,1422,2,average,758
964,20,4,average,758
964,687,2,average,758
964,3,2,average,758
964,1556,2,average,758
964,1348,1,average,758
964,772,2,average,758
964,1513,2,average,758
964,1491,3,average,758
964,630,4,average,758
964,213,4,average,758
964,421,3,average,758
964,1087,2,average,758
964,488,4,average,758
964,861,1,average,758
964,1009,2,average,758
964,123,5,average,758
964,292,5,average,758
964,1459,4,average,758
964,574,2,average,758
964,191,4,average,758
964,90,3,average,758
964,475,5,average,758
964,1066,3,average,758
964,847,4,average,758
964,1437,1,average,758
964,764,2,average,758
964,940,3,average,758
964,1533,4,average,758
964,174,5,average,758
964,1191,4,average,758
964,196,5,average,758
964,1037,3,average,758
964,274,5,average,758
964,1307,1,average,758
964,1681,3,average,758
965,758,5,average,758
965,1023,2,average,758
965,845,3,average,758
965,1129,5,average,758
965,983,2,average,758
965,125,3,average,758
965,180,4,average,758
965,573,2,average,758
965,786,3,average,758
965,282,4,average,758
965,860,3,average,758
965,409,3,average,758
965,1318,1,average,758
965,1634,2,average,758
965,1078,2,average,758
965,511,5,average,758
965,1293,5,average,758
965,1644,2,average,758
965,1115,3,average,758
965,1629,4,average,758
965,40,3,average,758
965,785,1,average,758
965,1603,3,average,758
965,1462,4,average,758
965,736,2,average,758
965,984,5,average,758
965,1117,1,average,758
965,1602,3,average,758
965,994,4,average,758
965,705,4,average,758
965,1160,4,average,758
965,1030,2,average,758
965,659,5,average,758
965,797,4,average,758
965,554,5,average,758
965,369,3,average,758
965,54,1,average,758
965,654,4,average,758
965,1224,2,average,758
965,449,5,average,758
965,61,4,average,758
965,1662,5,average,758
965,1596,2,average,758
965,576,3,average,758
965,120,4,average,758
965,1658,3,average,758
965,968,5,average,758
965,1086,3,average,758
965,733,3,average,758
965,1572,1,average,758
965,1198,1,average,758
965,477,4,average,758
965,327,3,average,758
965,206,5,average,758
965,508,4,average,758
965,1347,5,average,758
965,494,4,average,758
965,546,5,average,758
965,1094,1,average,758
965,1673,3,average,758
965,1622,3,average,758
965,1511,4,average,758
965,115,3,average,758
965,1566,1,average,758
965,450,2,average,758
965,1181,3,average,758
965,1635,3,average,758
965,727,4,average,758
965,356,3,average,758
965,361,3,average,758
965,485,2,average,758
965,1215,3,average,758
965,652,3,average,758
965,1653,5,average,758
965,1513,2,average,758
965,1430,3,average,758
965,735,4,average,758
965,1213,2,average,758
965,58,4,average,758
965,1442,1,average,758
965,1436,3,average,758
965,721,5,average,758
965,1164,2,average,758
965,1156,3,average,758
965,292,4,average,758
966,758,5,average,758
966,1120,1,average,758
966,770,4,average,758
966,208,4,average,758
966,983,3,average,758
966,1617,2,average,758
966,1185,3,average,758
966,1335,2,average,758
966,1554,3,average,758
966,1409,4,average,758
966,462,4,average,758
966,334,3,average,758
966,926,5,average,758
966,151,3,average,758
966,1638,3,average,758
966,69,4,average,758
966,604,4,average,758
966,42,3,average,758
966,653,3,average,758
966,535,2,average,758
966,215,5,average,758
966,152,4,average,758
966,701,4,average,758
966,349,2,average,758
966,330,4,average,758
966,1501,5,average,758
966,154,3,average,758
966,1122,5,average,758
966,191,4,average,758
966,693,4,average,758
966,1218,4,average,758
966,1258,1,average,758
966,990,5,average,758
966,1444,4,average,758
966,64,5,average,758
966,885,1,average,758
966,1340,1,average,758
966,338,3,average,758
966,1245,3,average,758
966,891,4,average,758
966,322,3,average,758
966,110,3,average,758
966,679,3,average,758
966,421,4,average,758
966,390,4,average,758
966,840,3,average,758
966,1429,3,average,758
966,1136,3,average,758
966,1480,2,average,758
966,1496,3,average,758
966,1108,2,average,758
966,544,2,average,758
966,1354,1,average,758
966,577,2,average,758
966,610,2,average,758
966,487,5,average,758
966,197,5,average,758
966,102,1,average,758
966,806,3,average,758
966,1172,1,average,758
966,1127,3,average,758
966,1007,5,average,758
966,315,4,average,758
966,112,1,average,758
966,739,2,average,758
966,8,4,average,758
966,877,3,average,758
966,180,3,average,758
966,1357,2,average,758
966,1282,4,average,758
966,1231,2,average,758
966,985,4,average,758
966,409,4,average,758
966,199,5,average,758
966,53,1,average,758
966,424,2,average,758
966,350,1,average,758
966,1309,1,average,758
966,598,3,average,758
966,168,3,average,758
966,971,3,average,758
966,237,4,average,758
966,632,5,average,758
966,1609,1,average,758
966,816,1,average,758
967,758,5,average,758
967,824,2,average,758
967,80,2,average,758
967,812,4,average,758
967,679,5,average,758
967,1416,2,average,758
967,487,3,average,758
967,101,3,average,758
967,1529,4,average,758
967,975,4,average,758
967,551,4,average,758
967,764,5,average,758
967,42,3,average,758
967,692,3,average,758
967,1676,2,average,758
967,1627,3,average,758
967,621,4,average,758
967,637,4,average,758
967,575,3,average,758
967,1008,3,average,758
967,1427,3,average,758
967,1404,5,average,758
967,202,3,average,758
967,467,4,average,758
967,276,4,average,758
967,616,3,average,758
967,1525,4,average,758
967,909,3,average,758
967,1587,1,average,758
967,658,3,average,758
967,552,2,average,758
967,1494,1,average,758
967,855,4,average,758
967,1240,4,average,758
967,1324,4,average,758
967,183,3,average,758
967,385,2,average,758
967,906,3,average,758
967,433,4,average,758
967,835,3,average,758
967,1519,3,average,758
967,994,3,average,758
967,1557,1,average,758
967,1059,2,average,758
967,767,1,average,758
967,116,4,average,758
967,1057,3,average,758
967,1622,4,average,758
967,326,5,average,758
967,135,3,average,758
967,638,2,average,758
967,1455,2,average,758
967,1039,5,average,758
967,828,4,average,758
967,278,3,average,758
967,1600,4,average,758
967,1075,4,average,758
967,1166,5,average,758
967,60,3,average,758
967,356,4,average,758
967,395,1,average,758
967,412,1,average,758
967,119,3,average,758
967,511,4,average,758
967,68,2,average,758
967,936,5,average,758
967,104,1,average,758
967,739,2,average,758
967,1445,3,average,758
967,408,5,average,758
967,562,4,average,758
967,755,3,average,758
967,952,3,average,758
967,1036,3,average,758
967,814,5,average,758
967,1303,1,average,758
967,254,2,average,758
967,1397,5,average,758
967,63,2,average,758
967,496,2,average,758
967,1003,2,average,758
967,1218,5,average,758
967,915,2,average,758
967,364,3,average,758
967,973,4,average,758
968,758,5,average,758
968,263,4,average,758
968,1519,3,average,758
968,530,5,average,758
968,1487,2,average,758
968,1657,3,average,758
968,1146,2,average,758
968,1564,1,average,758
968,375,4,average,758
968,1394,3,average,758
968,688,3,average,758
968,1342,2,average,758
968,183,4,average,758
968,456,2,average,758
968,728,2,average,758
968,458,4,average,758
968,1526,4,average,758
968,629,3,average,758
968,863,4,average,758
968,1616,4,average,758
968,679,2,average,758
968,763,3,average,758
968,534,5,average,758
968,1201,5,average,758
968,603,4,average,758
968,951,5,average,758
968,242,2,average,758
968,965,3,average,758
968,110,4,average,758
968,1301,3,average,758
968,1197,4,average,758
968,1190,5,average,758
968,1273,2,average,758
968,146,2,average,758
968,969,4,average,758
968,399,3,average,758
968,1026,2,average,758
968,246,4,average,758
968,1396,4,average,758
968,783,3,average,758
968,1087,3,average,758
968,612,4,average,758
968,848,3,average,758
968,111,4,average,758
968,309,2,average,758
968,282,3,average,758
968,411,3,average,758
968,702,5,average,758
968,840,3,average,758
968,1168,3,average,758
968,939,3,average,758
968,294,3,average,758
968,648,3,average,758
968,1467,5,average,758
968,370,4,average,758
968,1597,2,average,758
968,166,4,average,758
968,1000,3,average,758
968,682,1,average,758
968,1294,3,average,758
968,363,4,average,758
968,642,3,average,758
968,119,4,average,758
968,10,3,average,758
968,927,3,average,758
968,561,3,average,758
968,429,4,average,758
968,1560,3,average,758
968,1586,1,average,758
968,346,4,average,758
968,1182,2,average,758
968,1567,1,average,758
968,325,3,average,758
968,1004,3,average,758
968,1610,3,average,758
968,1565,1,average,758
968,1598,5,average,758
968,181,4,average,758
968,266,3,average,758
968,1260,2,average,758
968,890,2,average,758
968,1299,4,average,758
968,881,2,average,758
968,828,5,average,758
968,880,3,average,758
969,758,5,average,758
969,227,5,average,758
969,1177,1,average,758
969,1372,3,average,758
969,1013,1,average,758
969,306,3,average,758
969,185,4,average,758
969,1598,4,average,758
969,1049,2,average,758
969,154,5,average,758
969,1483,4,average,758
969,208,5,average,758
969,525,4,average,758
969,1321,1,average,758
969,474,4,average,758
969,937,3,average,758
969,607,3,average,758
969,541,5,average,758
969,952,3,average,758
969,103,1,average,758
969,205,4,average,758
969,1667,3,average,758
969,358,2,average,758
969,81,3,average,758
969,596,2,average,758
969,738,2,average,758
969,1643,4,average,758
969,1388,5,average,758
969,641,5,average,758
969,874,4,average,758
969,1514,2,average,758
969,238,5,average,758
969,195,4,average,758
969,1554,2,average,758
969,94,3,average,758
969,20,3,average,758
969,284,3,average,758
969,1360,2,average,758
969,1327,1,average,758
969,350,3,average,758
969,674,4,average,758
969,733,2,average,758
969,898,3,average,758
969,1275,1,average,758
969,550,5,average,758
969,1503,4,average,758
969,191,5,average,758
969,765,2,average,758
969,1671,1,average,758
969,702,2,average,758
969,375,2,average,758
969,234,5,average,758
969,822,3,average,758
969,821,4,average,758
969,936,4,average,758
969,557,5,average,758
969,791,3,average,758
969,1414,2,average,758
969,981,1,average,758
969,1640,3,average,758
969,865,3,average,758
969,1330,2,average,758
969,1634,2,average,758
969,342,2,average,758
969,232,2,average,758
969,272,3,average,758
969,1427,3,average,758
969,1489,3,average,758
969,121,1,average,758
969,327,2,average,758
969,213,5,average,758
969,854,1,average,758
969,1211,3,average,758
969,990,2,average,758
969,1645,4,average,758
969,1167,5,average,758
969,1391,3,average,758
969,899,5,average,758
969,372,4,average,758
969,1253,1,average,758
969,779,1,average,758
969,1597,2,average,758
969,735,4,average,758
969,1254,3,average,758
969,60,5,average,758
970,758,5,average,758
970,1010,4,average,758
970,288,5,average,758
970,1470,2,average,758
970,1522,3,average,758
970,1479,2,average,758
970,840,1,average,758
970,220,2,average,758
970,521,2,average,758
970,1253,1,average,758
970,402,3,average,758
970,385,3,average,758
970,248,4,average,758
970,806,3,average,758
970,442,2,average,758
970,938,2,average,758
970,1602,3,average,758
970,391,1,average,758
970,1469,4,average,758
970,693,4,average,758
970,221,3,average,758
970,1552,3,average,758
970,850,4,average,758
970,96,4,average,758
970,1298,4,average,758
970,1378,3,average,758
970,1207,4,average,758
970,253,4,average,758
970,1583,1,average,758
970,924,4,average,758
970,1350,2,average,758
970,1208,3,average,758
970,1034,5,average,758
970,276,3,average,758
970,1023,2,average,758
970,9,4,average,758
970,1088,2,average,758
970,1509,2,average,758
970,100,4,average,758
970,1135,4,average,758
970,888,2,average,758
970,1200,4,average,758
970,991,1,average,758
970,1043,2,average,758
970,1601,1,average,758
970,363,3,average,758
970,1418,3,average,758
970,1186,3,average,758
970,356,5,average,758
970,1498,4,average,758
970,1671,1,average,758
970,263,5,average,758
970,213,3,average,758
970,795,2,average,758
970,1348,1,average,758
970,1231,3,average,758
970,1243,4,average,758
970,660,3,average,758
970,789,2,average,758
970,859,4,average,758
970,1249,2,average,758
970,1420,1,average,758
970,1563,1,average,758
970,509,3,average,758
970,561,2,average,758
970,816,1,average,758
970,703,3,average,758
970,603,5,average,758
970,929,1,average,758
970,1650,4,average,758
970,274,4,average,758
970,283,3,average,758
970,847,3,average,758
970,1235,4,average,758
970,1435,4,average,758
970,1534,1,average,758
970,1051,4,average,758
970,613,4,average,758
970,1438,2,average,758
970,1123,3,average,758
970,643,2,average,758
970,1459,3,average,758
970,1511,4,average,758
970,1297,3,average,758
970,446,3,average,758
971,758,5,average,758
971,661,5,average,758
971,1224,2,average,758
971,105,1,average,758
971,1586,1,average,758
971,1282,4,average,758
971,1262,5,average,758
971,1357,3,average,758
971,617,5,average,758
971,1006,3,average,758
971,1619,3,average,758
971,1174,4,average,758
971,1128,1,average,758
971,734,2,average,758
971,150,3,average,758
971,1607,4,average,758
971,1451,4,average,758
971,651,4,average,758
971,1078,3,average,758
971,451,3,average,758
971,377,2,average,758
971,1068,4,average,758
971,140,4,average,758
971,1612,4,average,758
971,1036,3,average,758
971,327,4,average,758
971,853,1,average,758
971,1114,2,average,758
971,1101,4,average,758
971,828,2,average,758
971,189,5,average,758
971,716,3,average,758
971,454,3,average,758
971,437,1,average,758
971,1360,2,average,758
971,680,5,average,758
971,679,4,average,758
971,739,5,average,758
971,602,4,average,758
971,448,3,average,758
971,1543,3,average,758
971,1268,3,average,758
971,1088,4,average,758
971,974,2,average,758
971,1151,2,average,758
971,1542,4,average,758
971,1331,2,average,758
971,19,4,average,758
971,235,3,average,758
971,1371,2,average,758
971,709,5,average,758
971,914,3,average,758
971,493,3,average,758
971,1317,3,average,758
971,1258,2,average,758
971,1274,1,average,758
971,500,3,average,758
971,82,5,average,758
971,1399,1,average,758
971,658,4,average,758
971,783,2,average,758
971,1632,3,average,758
971,233,3,average,758
971,792,4,average,758
971,526,3,average,758
971,1108,4,average,758
971,1484,3,average,758
971,580,2,average,758
971,51,4,average,758
971,1060,4,average,758
971,1579,1,average,758
971,769,2,average,758
971,1055,2,average,758
971,1646,4,average,758
971,1043,5,average,758
971,998,3,average,758
971,90,3,average,758
971,608,4,average,758
971,1336,3,average,758
971,395,3,average,758
971,657,5,average,758
971,1054,2,average,758
971,169,3,average,758
971,197,5,average,758
971,343,4,average,758
972,758,5,average,758
972,1126,2,average,758
972,946,3,average,758
972,1322,1,average,758
972,1127,2,average,758
972,150,3,average,758
972,596,3,average,758
972,1377,4,average,758
972,138,3,average,758
972,514,4,average,758
972,202,3,average,758
972,405,4,average,758
972,1488,5,average,758
972,1191,4,average,758
972,999,2,average,758
972,678,2,average,758
972,732,4,average,758
972,263,1,average,758
972,1376,2,average,758
972,1344,2,average,758
972,481,2,average,758
972,205,4,average,758
972,584,2,average,758
972,1270,3,average,758
972,143,5,average,758
972,397,2,average,758
972,651,4,average,758
972,997,4,average,758
972,924,3,average,758
972,673,5,average,758
972,1264,3,average,758
972,1352,1,average,758
972,627,3,average,758
972,1422,2,average,758
972,1198,5,average,758
972,313,5,average,758
972,1160,4,average,758
972,1162,2,average,758
972,747,4,average,758
972,1656,4,average,758
972,648,4,average,758
972,879,2,average,758
972,346,4,average,758
972,10,5,average,758
972,642,4,average,758
972,505,3,average,758
972,1611,3,average,758
972,454,1,average,758
972,1460,3,average,758
972,1517,3,average,758
972,1314,2,average,758
972,895,3,average,758
972,567,3,average,758
972,737,2,average,758
972,276,3,average,758
972,1393,1,average,758
972,1503,1,average,758
972,680,1,average,758
972,984,3,average,758
972,949,4,average,758
972,914,2,average,758
972,735,3,average,758
972,1588,4,average,758
972,626,2,average,758
972,1131,4,average,758
972,223,3,average,758
972,360,2,average,758
972,1324,3,average,758
972,1244,3,average,758
972,168,5,average,758
972,575,3,average,758
972,287,4,average,758
972,1105,4,average,758
972,403,2,average,758
972,540,4,average,758
972,1504,4,average,758
972,1285,3,average,758
972,157,4,average,758
972,1491,3,average,758
972,155,2,average,758
972,39,3,average,758
972,1040,3,average,758
972,1295,3,average,758
972,64,5,average,758
972,1666,2,average,758
973,758,5,average,758
973,89,4,average,758
973,262,3,average,758
973,1176,1,average,758
973,1215,3,average,758
973,330,3,average,758
973,276,3,average,758
973,1291,3,average,758
973,1051,3,average,758
973,81,4,average,758
973,1174,2,average,758
973,301,4,average,758
973,115,1,average,758
973,341,4,average,758
973,529,3,average,758
973,369,2,average,758
973,1060,3,average,758
973,832,3,average,758
973,1229,1,average,758
973,1156,3,average,758
973,1307,2,average,758
973,39,2,average,758
973,1475,3,average,758
973,1492,4,average,758
973,1357,3,average,758
973,581,5,average,758
973,176,4,average,758
973,444,2,average,758
973,921,4,average,758
973,1244,3,average,758
973,967,5,average,758
973,988,2,average,758
973,350,3,average,758
973,450,1,average,758
973,843,4,average,758
973,1232,2,average,758
973,293,5,average,758
973,1629,4,average,758
973,1195,3,average,758
973,1682,3,average,758
973,1573,2,average,758
973,373,3,average,758
973,1278,5,average,758
973,1352,1,average,758
973,1048,3,average,758
973,542,1,average,758
973,344,3,average,758
973,1485,4,average,758
973,1406,3,average,758
973,702,3,average,758
973,930,2,average,758
973,1223,4,average,758
973,1211,4,average,758
973,141,4,average,758
973,471,4,average,758
973,776,4,average,758
973,791,1,average,758
973,271,4,average,758
973,223,5,average,758
973,34,3,average,758
973,415,1,average,758
973,1072,1,average,758
973,1034,1,average,758
973,1403,4,average,758
973,861,3,average,758
973,307,2,average,758
973,1242,1,average,758
973,198,4,average,758
973,364,2,average,758
973,976,1,average,758
973,1261,3,average,758
973,1230,2,average,758
973,80,4,average,758
973,1607,1,average,758
973,1090,1,average,758
973,1032,4,average,758
973,1542,3,average,758
973,241,3,average,758
973,191,4,average,758
973,989,3,average,758
973,267,3,average,758
973,1237,4,average,758
973,1106,2,average,758
973,3,3,average,758
973,1588,2,average,758
974,758,5,average,758
974,1347,4,average,758
974,1648,2,average,758
974,1063,4,average,758
974,586,4,average,758
974,399,3,average,758
974,69,3,average,758
974,1607,3,average,758
974,1229,1,average,758
974,1047,2,average,758
974,1058,4,average,758
974,1432,1,average,758
974,475,4,average,758
974,1261,3,average,758
974,348,4,average,758
974,1382,1,average,758
974,74,4,average,758
974,737,2,average,758
974,490,5,average,758
974,1343,1,average,758
974,1,5,average,758
974,323,3,average,758
974,178,5,average,758
974,566,4,average,758
974,1598,5,average,758
974,820,3,average,758
974,724,3,average,758
974,1373,1,average,758
974,811,4,average,758
974,832,3,average,758
974,1202,5,average,758
974,411,3,average,758
974,1062,5,average,758
974,32,4,average,758
974,1511,3,average,758
974,1443,4,average,758
974,141,3,average,758
974,185,5,average,758
974,1127,4,average,758
974,583,3,average,758
974,1489,2,average,758
974,1147,5,average,758
974,1195,1,average,758
974,713,4,average,758
974,712,2,average,758
974,1672,2,average,758
974,567,5,average,758
974,464,5,average,758
974,1243,3,average,758
974,933,2,average,758
974,829,3,average,758
974,1179,2,average,758
974,10,3,average,758
974,535,2,average,758
974,359,5,average,758
974,835,5,average,758
974,1038,4,average,758
974,219,1,average,758
974,1146,2,average,758
974,149,4,average,758
974,1032,3,average,758
974,603,5,average,758
974,697,2,average,758
974,240,2,average,758
974,1646,4,average,758
974,1053,3,average,758
974,528,4,average,758
974,1103,5,average,758
974,1667,3,average,758
974,1626,1,average,758
974,513,5,average,758
974,1423,1,average,758
974,908,5,average,758
974,774,3,average,758
974,1155,4,average,758
974,992,3,average,758
974,1578,2,average,758
974,499,4,average,758
974,1553,3,average,758
974,696,2,average,758
974,1590,2,average,758
974,941,3,average,758
974,1397,2,average,758
974,945,3,average,758
974,1203,5,average,758
975,758,5,average,758
975,1172,3,average,758
975,269,5,average,758
975,1181,3,average,758
975,1406,4,average,758
975,469,4,average,758
975,1669,2,average,758
975,205,3,average,758
975,1478,2,average,758
975,553,4,average,758
975,1648,2,average,758
975,483,5,average,758
975,1139,3,average,758
975,887,3,average,758
975,782,3,average,758
975,402,3,average,758
975,299,5,average,758
975,1640,3,average,758
975,1514,4,average,758
975,307,4,average,758
975,970,2,average,758
975,1652,1,average,758
975,20,2,average,758
975,362,2,average,758
975,865,4,average,758
975,1025,5,average,758
975,276,4,average,758
975,1293,5,average,758
975,1060,1,average,758
975,1095,2,average,758
975,1477,2,average,758
975,647,4,average,758
975,1610,2,average,758
975,998,4,average,758
975,615,5,average,758
975,514,4,average,758
975,1153,3,average,758
975,1164,1,average,758
975,98,5,average,758
975,817,4,average,758
975,203,4,average,758
975,1416,3,average,758
975,335,4,average,758
975,123,4,average,758
975,442,1,average,758
975,1668,3,average,758
975,521,5,average,758
975,977,2,average,758
975,1291,2,average,758
975,198,4,average,758
975,923,4,average,758
975,1526,4,average,758
975,686,2,average,758
975,533,3,average,758
975,740,5,average,758
975,738,4,average,758
975,1149,4,average,758
975,1143,4,average,758
975,1660,2,average,758
975,528,5,average,758
975,705,4,average,758
975,41,4,average,758
975,845,5,average,758
975,249,2,average,758
975,720,2,average,758
975,1393,1,average,758
975,1242,2,average,758
975,408,4,average,758
975,1183,1,average,758
975,1332,1,average,758
975,1331,4,average,758
975,1104,4,average,758
975,358,1,average,758
975,1600,4,average,758
975,583,4,average,758
975,728,3,average,758
975,666,2,average,758
975,1380,3,average,758
975,1047,1,average,758
975,1000,3,average,758
975,1588,3,average,758
975,1510,3,average,758
975,917,4,average,758
975,161,5,average,758
975,1258,2,average,758
976,758,5,average,758
976,19,3,average,758
976,1570,1,average,758
976,883,3,average,758
976,1636,4,average,758
976,600,3,average,758
976,1224,3,average,758
976,474,5,average,758
976,1633,3,average,758
976,15,3,average,758
976,1124,4,average,758
976,767,3,average,758
976,387,5,average,758
976,845,3,average,758
976,1150,4,average,758
976,897,3,average,758
976,810,3,average,758
976,512,4,average,758
976,335,2,average,758
976,1466,5,average,758
976,1511,3,average,758
976,1324,3,average,758
976,800,3,average,758
976,776,3,average,758
976,452,2,average,758
976,539,2,average,758
976,163,3,average,758
976,866,1,average,758
976,1282,5,average,758
976,491,4,average,758
976,1060,3,average,758
976,1567,1,average,758
976,1640,3,average,758
976,1257,2,average,758
976,1655,2,average,758
976,1423,2,average,758
976,1404,3,average,758
976,557,3,average,758
976,584,4,average,758
976,1330,2,average,758
976,1523,1,average,758
976,1091,3,average,758
976,1658,4,average,758
976,551,4,average,758
976,847,4,average,758
976,386,2,average,758
976,141,3,average,758
976,374,2,average,758
976,280,5,average,758
976,594,1,average,758
976,227,3,average,758
976,1306,3,average,758
976,934,2,average,758
976,1267,3,average,758
976,929,2,average,758
976,558,2,average,758
976,1436,3,average,758
976,1277,2,average,758
976,1009,5,average,758
976,385,4,average,758
976,657,4,average,758
976,40,2,average,758
976,312,4,average,758
976,102,3,average,758
976,1097,3,average,758
976,46,3,average,758
976,381,4,average,758
976,210,3,average,758
976,578,3,average,758
976,552,1,average,758
976,257,5,average,758
976,899,3,average,758
976,1491,3,average,758
976,17,2,average,758
976,477,4,average,758
976,185,4,average,758
976,309,3,average,758
976,31,3,average,758
976,1012,2,average,758
976,445,3,average,758
976,701,4,average,758
976,862,1,average,758
976,639,3,average,758
976,1611,3,average,758
976,1639,5,average,758
977,758,5,average,758
977,1228,4,average,758
977,1137,4,average,758
977,329,4,average,758
977,142,3,average,758
977,1089,1,average,758
977,318,5,average,758
977,922,4,average,758
977,606,3,average,758
977,1680,2,average,758
977,540,3,average,758
977,1111,2,average,758
977,752,5,average,758
977,931,3,average,758
977,2,3,average,758
977,1591,3,average,758
977,1308,1,average,758
977,1038,3,average,758
977,778,5,average,758
977,1504,4,average,758
977,380,5,average,758
977,39,4,average,758
977,1271,4,average,758
977,746,3,average,758
977,1272,2,average,758
977,490,4,average,758
977,657,4,average,758
977,1478,1,average,758
977,130,3,average,758
977,1350,2,average,758
977,1105,2,average,758
977,1679,3,average,758
977,795,3,average,758
977,389,3,average,758
977,1075,4,average,758
977,1401,4,average,758
977,1020,4,average,758
977,1570,1,average,758
977,1131,5,average,758
977,316,5,average,758
977,1257,2,average,758
977,580,2,average,758
977,661,5,average,758
977,841,1,average,758
977,1314,3,average,758
977,660,3,average,758
977,227,2,average,758
977,198,4,average,758
977,1073,5,average,758
977,1351,3,average,758
977,137,4,average,758
977,90,4,average,758
977,266,2,average,758
977,366,2,average,758
977,65,4,average,758
977,414,5,average,758
977,220,3,average,758
977,996,1,average,758
977,393,3,average,758
977,203,4,average,758
977,66,4,average,758
977,1171,3,average,758
977,1316,5,average,758
977,797,5,average,758
977,1349,1,average,758
977,1005,3,average,758
977,1078,2,average,758
977,1279,2,average,758
977,1438,2,average,758
977,1210,3,average,758
977,525,4,average,758
977,101,4,average,758
977,751,4,average,758
977,453,2,average,758
977,1242,4,average,758
977,1472,3,average,758
977,146,2,average,758
977,27,3,average,758
977,428,3,average,758
977,1344,1,average,758
977,1008,5,average,758
977,164,3,average,758
977,960,1,average,758
977,1642,4,average,758
977,1310,3,average,758
978,758,5,average,758
978,1414,2,average,758
978,1441,2,average,758
978,1182,3,average,758
978,1680,2,average,758
978,196,4,average,758
978,1221,4,average,758
978,1317,1,average,758
978,616,4,average,758
978,77,3,average,758
978,1498,4,average,758
978,1657,3,average,758
978,783,3,average,758
978,161,4,average,758
978,1599,5,average,758
978,115,3,average,758
978,1580,1,average,758
978,685,4,average,758
978,713,4,average,758
978,1675,3,average,758
978,891,1,average,758
978,855,3,average,758
978,247,1,average,758
978,1579,1,average,758
978,465,3,average,758
978,1533,4,average,758
978,1338,1,average,758
978,1235,4,average,758
978,24,3,average,758
978,1300,2,average,758
978,1594,4,average,758
978,1296,3,average,758
978,785,3,average,758
978,111,4,average,758
978,625,3,average,758
978,1075,3,average,758
978,85,5,average,758
978,654,4,average,758
978,1107,4,average,758
978,1158,3,average,758
978,307,5,average,758
978,670,3,average,758
978,1030,4,average,758
978,1431,3,average,758
978,453,1,average,758
978,314,1,average,758
978,104,1,average,758
978,1381,3,average,758
978,1500,5,average,758
978,806,2,average,758
978,914,5,average,758
978,1543,3,average,758
978,1220,3,average,758
978,1180,3,average,758
978,1035,3,average,758
978,185,4,average,758
978,455,2,average,758
978,886,1,average,758
978,594,3,average,758
978,1612,4,average,758
978,809,4,average,758
978,304,2,average,758
978,271,1,average,758
978,689,3,average,758
978,170,4,average,758
978,976,1,average,758
978,1172,5,average,758
978,1528,1,average,758
978,101,5,average,758
978,1124,3,average,758
978,819,3,average,758
978,538,4,average,758
978,175,3,average,758
978,818,2,average,758
978,1029,2,average,758
978,1586,1,average,758
978,268,5,average,758
978,1562,1,average,758
978,277,3,average,758
978,986,5,average,758
978,1147,4,average,758
978,406,2,average,758
978,1001,4,average,758
978,811,4,average,758
978,1337,2,average,758
979,758,5,average,758
979,1403,3,average,758
979,721,4,average,758
979,728,3,average,758
979,1282,1,average,758
979,620,3,average,758
979,484,5,average,758
979,1028,3,average,758
979,565,3,average,758
979,1664,3,average,758
979,127,3,average,758
979,1283,2,average,758
979,528,3,average,758
979,794,2,average,758
979,1670,3,average,758
979,61,4,average,758
979,1138,2,average,758
979,574,3,average,758
979,462,3,average,758
979,311,4,average,758
979,700,3,average,758
979,806,5,average,758
979,1347,3,average,758
979,282,4,average,758
979,180,4,average,758
979,1496,1,average,758
979,784,1,average,758
979,1068,5,average,758
979,1390,2,average,758
979,1256,4,average,758
979,1407,3,average,758
979,466,5,average,758
979,856,4,average,758
979,493,3,average,758
979,1175,4,average,758
979,313,4,average,758
979,875,3,average,758
979,640,3,average,758
979,1241,3,average,758
979,675,3,average,758
979,921,3,average,758
979,1112,2,average,758
979,270,5,average,758
979,424,1,average,758
979,1338,1,average,758
979,284,1,average,758
979,1191,4,average,758
979,1110,3,average,758
979,1402,1,average,758
979,1640,3,average,758
979,415,3,average,758
979,283,5,average,758
979,633,5,average,758
979,1412,1,average,758
979,1446,3,average,758
979,1074,3,average,758
979,277,2,average,758
979,882,2,average,758
979,1579,1,average,758
979,298,5,average,758
979,1345,2,average,758
979,1158,4,average,758
979,324,4,average,758
979,651,4,average,758
979,139,2,average,758
979,1143,3,average,758
979,1093,4,average,758
979,1475,4,average,758
979,243,3,average,758
979,378,5,average,758
979,299,5,average,758
979,1491,3,average,758
979,1569,1,average,758
979,653,5,average,758
979,849,4,average,758
979,844,5,average,758
979,622,3,average,758
979,909,5,average,758
979,1529,4,average,758
979,1306,3,average,758
979,1514,3,average,758
979,561,2,average,758
979,312,2,average,758
979,1597,3,average,758
979,385,5,average,758
980,758,5,average,758
980,513,4,average,758
980,664,3,average,758
980,1418,4,average,758
980,1330,2,average,758
980,1459,5,average,758
980,1633,3,average,758
980,336,1,average,758
980,1473,2,average,758
980,1503,2,average,758
980,254,5,average,758
980,187,5,average,758
980,234,4,average,758
980,1448,4,average,758
980,922,5,average,758
980,1300,1,average,758
980,744,3,average,758
980,175,2,average,758
980,1074,2,average,758
980,1450,4,average,758
980,788,3,average,758
980,1490,1,average,758
980,1622,2,average,758
980,1049,3,average,758
980,1255,3,average,758
980,328,3,average,758
980,777,1,average,758
980,1129,5,average,758
980,781,4,average,758
980,90,2,average,758
980,1575,1,average,758
980,350,4,average,758
980,687,3,average,758
980,1160,3,average,758
980,1352,1,average,758
980,308,1,average,758
980,333,3,average,758
980,297,4,average,758
980,367,3,average,758
980,1577,1,average,758
980,1460,3,average,758
980,106,4,average,758
980,861,2,average,758
980,631,3,average,758
980,634,1,average,758
980,1497,4,average,758
980,1576,1,average,758
980,915,3,average,758
980,592,3,average,758
980,1284,1,average,758
980,371,3,average,758
980,241,3,average,758
980,270,4,average,758
980,416,2,average,758
980,8,4,average,758
980,1277,3,average,758
980,1569,1,average,758
980,519,5,average,758
980,26,5,average,758
980,941,2,average,758
980,1021,1,average,758
980,1023,3,average,758
980,1115,3,average,758
980,1655,2,average,758
980,12,4,average,758
980,1247,3,average,758
980,1012,2,average,758
980,488,5,average,758
980,445,3,average,758
980,1207,2,average,758
980,976,3,average,758
980,931,2,average,758
980,841,3,average,758
980,906,4,average,758
980,163,4,average,758
980,1233,4,average,758
980,1231,2,average,758
980,14,3,average,758
980,502,4,average,758
980,1122,5,average,758
980,570,3,average,758
980,1271,2,average,758
980,1289,4,average,758
980,1143,4,average,758
980,1681,3,average,758
981,758,5,average,758
981,360,4,average,758
981,398,3,average,758
981,677,3,average,758
981,693,4,average,758
981,1379,3,average,758
981,983,3,average,758
981,973,4,average,758
981,1634,2,average,758
981,73,5,average,758
981,1324,2,average,758
981,279,4,average,758
981,988,2,average,758
981,319,4,average,758
981,1286,4,average,758
981,945,4,average,758
981,1101,3,average,758
981,687,2,average,758
981,949,4,average,758
981,1607,5,average,758
981,1669,2,average,758
981,849,2,average,758
981,1522,4,average,758
981,115,5,average,758
981,1069,5,average,758
981,614,4,average,758
981,1159,3,average,758
981,1486,1,average,758
981,1390,1,average,758
981,647,4,average,758
981,1139,3,average,758
981,1099,3,average,758
981,39,5,average,758
981,427,4,average,758
981,1184,1,average,758
981,1405,3,average,758
981,680,3,average,758
981,1639,5,average,758
981,1631,4,average,758
981,725,2,average,758
981,136,4,average,758
981,306,3,average,758
981,575,2,average,758
981,64,4,average,758
981,695,5,average,758
981,770,4,average,758
981,1285,2,average,758
981,1096,3,average,758
981,340,4,average,758
981,1171,4,average,758
981,1242,1,average,758
981,799,3,average,758
981,384,3,average,758
981,1220,4,average,758
981,240,3,average,758
981,1604,4,average,758
981,1541,4,average,758
981,632,3,average,758
981,1446,4,average,758
981,645,5,average,758
981,1455,2,average,758
981,65,3,average,758
981,557,2,average,758
981,178,4,average,758
981,1019,5,average,758
981,487,5,average,758
981,763,5,average,758
981,927,3,average,758
981,620,3,average,758
981,443,5,average,758
981,1077,2,average,758
981,359,3,average,758
981,230,3,average,758
981,768,4,average,758
981,1609,1,average,758
981,77,4,average,758
981,1594,5,average,758
981,414,3,average,758
981,190,3,average,758
981,910,1,average,758
981,1038,3,average,758
981,52,5,average,758
981,1638,3,average,758
981,990,3,average,758
981,1026,4,average,758
982,758,5,average,758
982,376,2,average,758
982,1434,1,average,758
982,1364,1,average,758
982,677,3,average,758
982,1617,4,average,758
982,666,3,average,758
982,930,4,average,758
982,1000,4,average,758
982,62,3,average,758
982,134,3,average,758
982,975,3,average,758
982,232,2,average,758
982,720,2,average,758
982,982,3,average,758
982,946,2,average,758
982,350,2,average,758
982,579,3,average,758
982,1574,1,average,758
982,714,3,average,758
982,1239,5,average,758
982,1178,2,average,758
982,261,1,average,758
982,1042,5,average,758
982,211,3,average,758
982,832,5,average,758
982,1676,2,average,758
982,1464,2,average,758
982,1633,3,average,758
982,220,1,average,758
982,668,2,average,758
982,1140,3,average,758
982,1332,2,average,758
982,146,5,average,758
982,1624,2,average,758
982,619,4,average,758
982,1093,3,average,758
982,822,3,average,758
982,1211,3,average,758
982,848,4,average,758
982,489,4,average,758
982,1273,2,average,758
982,500,4,average,758
982,1124,3,average,758
982,326,2,average,758
982,989,2,average,758
982,788,2,average,758
982,136,4,average,758
982,698,4,average,758
982,427,5,average,758
982,1668,3,average,758
982,1423,3,average,758
982,1212,2,average,758
982,884,2,average,758
982,1608,2,average,758
982,893,3,average,758
982,1163,2,average,758
982,1614,3,average,758
982,701,4,average,758
982,1117,4,average,758
982,484,5,average,758
982,355,1,average,758
982,1359,1,average,758
982,1373,1,average,758
982,160,4,average,758
982,1516,5,average,758
982,1459,2,average,758
982,1177,4,average,758
982,998,2,average,758
982,235,4,average,758
982,1214,1,average,758
982,1222,2,average,758
982,950,3,average,758
982,667,3,average,758
982,1138,2,average,758
982,200,4,average,758
982,913,2,average,758
982,361,5,average,758
982,631,4,average,758
982,833,3,average,758
982,143,2,average,758
982,1227,2,average,758
982,223,5,average,758
982,1405,3,average,758
982,1669,2,average,758
983,758,5,average,758
983,78,3,average,758
983,1165,2,average,758
983,991,2,average,758
983,1445,3,average,758
983,755,4,average,758
983,232,4,average,758
983,1190,3,average,758
983,988,2,average,758
983,1416,2,average,758
983,164,4,average,758
983,291,3,average,758
983,1497,5,average,758
983,1499,3,average,758
983,1080,4,average,758
983,1539,2,average,758
983,1597,2,average,758
983,573,4,average,758
983,954,4,average,758
983,1060,4,average,758
983,161,3,average,758
983,1073,1,average,758
983,1251,4,average,758
983,182,4,average,758
983,503,3,average,758
983,969,2,average,758
983,1293,5,average,758
983,1520,3,average,758
983,1361,5,average,758
983,1371,1,average,758
983,160,5,average,758
983,1402,3,average,758
983,1299,3,average,758
983,1106,3,average,758
983,1636,4,average,758
983,1189,5,average,758
983,640,5,average,758
983,1257,2,average,758
983,109,2,average,758
983,704,2,average,758
983,1097,5,average,758
983,1596,2,average,758
983,23,4,average,758
983,962,3,average,758
983,931,2,average,758
983,1051,4,average,758
983,1177,1,average,758
983,1504,3,average,758
983,679,1,average,758
983,864,3,average,758
983,723,3,average,758
983,604,5,average,758
983,593,2,average,758
983,344,5,average,758
983,73,3,average,758
983,1425,5,average,758
983,1225,2,average,758
983,1536,5,average,758
983,623,4,average,758
983,1490,4,average,758
983,1609,3,average,758
983,1156,3,average,758
983,534,5,average,758
983,126,4,average,758
983,1290,2,average,758
983,971,3,average,758
983,1186,3,average,758
983,347,3,average,758
983,1175,5,average,758
983,106,3,average,758
983,1346,4,average,758
983,598,2,average,758
983,1658,1,average,758
983,1512,5,average,758
983,1280,3,average,758
983,56,5,average,758
983,588,4,average,758
983,994,2,average,758
983,169,5,average,758
983,260,3,average,758
983,1037,2,average,758
983,158,4,average,758
983,1607,5,average,758
983,570,2,average,758
983,517,2,average,758
984,758,5,average,758
984,1229,2,average,758
984,1308,1,average,758
984,250,3,average,758
984,1452,4,average,758
984,246,5,average,758
984,177,4,average,758
984,1240,4,average,758
984,267,2,average,758
984,771,1,average,758
984,1346,3,average,758
984,1566,1,average,758
984,1328,3,average,758
984,1161,3,average,758
984,1646,4,average,758
984,379,2,average,758
984,228,2,average,758
984,1426,4,average,758
984,378,5,average,758
984,519,5,average,758
984,604,4,average,758
984,958,4,average,758
984,1354,1,average,758
984,156,5,average,758
984,1310,3,average,758
984,930,1,average,758
984,567,5,average,758
984,1577,1,average,758
984,876,4,average,758
984,1419,2,average,758
984,1369,2,average,758
984,1578,2,average,758
984,1579,1,average,758
984,663,5,average,758
984,528,4,average,758
984,332,3,average,758
984,1600,4,average,758
984,152,5,average,758
984,568,5,average,758
984,1593,4,average,758
984,128,4,average,758
984,785,3,average,758
984,797,3,average,758
984,682,3,average,758
984,124,4,average,758
984,529,5,average,758
984,1666,2,average,758
984,543,2,average,758
984,365,4,average,758
984,904,2,average,758
984,143,3,average,758
984,1009,5,average,758
984,411,2,average,758
984,1251,4,average,758
984,806,3,average,758
984,366,3,average,758
984,1323,4,average,758
984,223,4,average,758
984,295,3,average,758
984,1109,4,average,758
984,1576,1,average,758
984,885,1,average,758
984,448,3,average,758
984,1259,3,average,758
984,1319,1,average,758
984,218,3,average,758
984,906,2,average,758
984,1467,5,average,758
984,531,5,average,758
984,212,3,average,758
984,72,3,average,758
984,150,5,average,758
984,145,2,average,758
984,1172,4,average,758
984,1492,4,average,758
984,514,5,average,758
984,915,4,average,758
984,39,5,average,758
984,1021,3,average,758
984,305,5,average,758
984,1339,1,average,758
984,1313,3,average,758
984,2,3,average,758
984,78,3,average,758
984,1363,1,average,758
985,758,5,average,758
985,1220,5,average,758
985,1638,3,average,758
985,1262,4,average,758
985,452,2,average,758
985,130,3,average,758
985,1649,3,average,758
985,416,4,average,758
985,874,4,average,758
985,691,4,average,758
985,1663,2,average,758
985,1513,2,average,758
985,1391,1,average,758
985,825,3,average,758
985,665,5,average,758
985,248,3,average,758
985,1403,2,average,758
985,1181,3,average,758
985,1119,5,average,758
985,282,3,average,758
985,659,2,average,758
985,1626,1,average,758
985,437,1,average,758
985,1567,1,average,758
985,94,3,average,758
985,1216,3,average,758
985,356,3,average,758
985,688,1,average,758
985,561,3,average,758
985,290,4,average,758
985,1553,1,average,758
985,852,1,average,758
985,345,4,average,758
985,1428,4,average,758
985,759,2,average,758
985,1135,3,average,758
985,338,1,average,758
985,900,5,average,758
985,499,5,average,758
985,1193,4,average,758
985,84,2,average,758
985,274,3,average,758
985,205,5,average,758
985,1622,2,average,758
985,1296,2,average,758
985,1256,2,average,758
985,772,2,average,758
985,1594,5,average,758
985,324,4,average,758
985,33,4,average,758
985,999,2,average,758
985,166,4,average,758
985,14,5,average,758
985,15,2,average,758
985,368,2,average,758
985,183,5,average,758
985,1449,5,average,758
985,1336,1,average,758
985,1217,3,average,758
985,582,5,average,758
985,854,5,average,758
985,1422,1,average,758
985,1655,2,average,758
985,1624,2,average,758
985,1584,1,average,758
985,976,2,average,758
985,1419,2,average,758
985,260,4,average,758
985,423,5,average,758
985,294,2,average,758
985,1312,3,average,758
985,555,1,average,758
985,1073,5,average,758
985,924,2,average,758
985,845,2,average,758
985,490,3,average,758
985,358,1,average,758
985,1252,5,average,758
985,1418,5,average,758
985,78,3,average,758
985,1223,3,average,758
985,369,4,average,758
985,1470,1,average,758
985,1025,5,average,758
985,1255,2,average,758
986,758,5,average,758
986,949,4,average,758
986,572,2,average,758
986,30,4,average,758
986,1497,1,average,758
986,878,5,average,758
986,1509,2,average,758
986,506,4,average,758
986,508,3,average,758
986,671,5,average,758
986,891,2,average,758
986,1188,3,average,758
986,456,2,average,758
986,1213,2,average,758
986,306,5,average,758
986,1176,3,average,758
986,11,4,average,758
986,857,3,average,758
986,91,3,average,758
986,83,4,average,758
986,965,3,average,758
986,1504,4,average,758
986,1576,1,average,758
986,1034,4,average,758
986,69,5,average,758
986,873,4,average,758
986,1089,2,average,758
986,809,4,average,758
986,983,2,average,758
986,1660,2,average,758
986,1636,4,average,758
986,1428,3,average,758
986,201,4,average,758
986,928,3,average,758
986,1016,3,average,758
986,493,5,average,758
986,171,4,average,758
986,1145,2,average,758
986,1544,3,average,758
986,26,4,average,758
986,1421,4,average,758
986,1500,5,average,758
986,834,1,average,758
986,447,3,average,758
986,272,5,average,758
986,735,5,average,758
986,606,2,average,758
986,490,5,average,758
986,1328,1,average,758
986,186,5,average,758
986,33,4,average,758
986,984,2,average,758
986,1372,3,average,758
986,625,4,average,758
986,332,3,average,758
986,1442,3,average,758
986,942,3,average,758
986,1170,3,average,758
986,1532,2,average,758
986,1197,2,average,758
986,50,4,average,758
986,933,1,average,758
986,951,3,average,758
986,1582,1,average,758
986,284,5,average,758
986,832,2,average,758
986,379,3,average,758
986,1619,3,average,758
986,760,4,average,758
986,1285,3,average,758
986,952,3,average,758
986,1443,5,average,758
986,1299,4,average,758
986,3,3,average,758
986,1286,5,average,758
986,145,2,average,758
986,790,2,average,758
986,1416,2,average,758
986,682,5,average,758
986,67,2,average,758
986,608,4,average,758
986,874,3,average,758
986,1543,3,average,758
986,553,2,average,758
986,1431,4,average,758
987,758,5,average,758
987,271,3,average,758
987,1618,1,average,758
987,628,3,average,758
987,352,2,average,758
987,533,5,average,758
987,465,4,average,758
987,993,4,average,758
987,763,5,average,758
987,591,3,average,758
987,1578,2,average,758
987,97,4,average,758
987,304,5,average,758
987,724,4,average,758
987,583,1,average,758
987,935,3,average,758
987,341,4,average,758
987,1268,5,average,758
987,330,2,average,758
987,1459,5,average,758
987,1098,3,average,758
987,585,1,average,758
987,374,3,average,758
987,360,2,average,758
987,1452,4,average,758
987,1420,1,average,758
987,1366,1,average,758
987,1629,4,average,758
987,315,5,average,758
987,331,3,average,758
987,488,5,average,758
987,240,4,average,758
987,85,3,average,758
987,649,3,average,758
987,1178,3,average,758
987,260,2,average,758
987,904,3,average,758
987,534,5,average,758
987,759,1,average,758
987,378,3,average,758
987,421,4,average,758
987,1153,4,average,758
987,1450,4,average,758
987,72,4,average,758
987,1365,2,average,758
987,650,2,average,758
987,705,5,average,758
987,303,3,average,758
987,765,3,average,758
987,920,1,average,758
987,1107,5,average,758
987,333,3,average,758
987,1094,2,average,758
987,618,5,average,758
987,249,3,average,758
987,52,4,average,758
987,830,1,average,758
987,1024,3,average,758
987,1575,1,average,758
987,298,4,average,758
987,940,3,average,758
987,656,3,average,758
987,320,3,average,758
987,9,5,average,758
987,1514,5,average,758
987,1120,3,average,758
987,1041,4,average,758
987,679,3,average,758
987,1327,1,average,758
987,1446,2,average,758
987,606,4,average,758
987,972,3,average,758
987,594,2,average,758
987,1546,1,average,758
987,1176,3,average,758
987,1367,4,average,758
987,302,5,average,758
987,1639,4,average,758
987,1159,3,average,758
987,1494,1,average,758
987,907,2,average,758
987,694,5,average,758
987,1413,5,average,758
987,231,3,average,758
987,1500,5,average,758
988,758,5,average,758
988,1568,1,average,758
988,568,2,average,758
988,1011,2,average,758
988,137,1,average,758
988,1228,3,average,758
988,1528,2,average,758
988,741,3,average,758
988,1192,1,average,758
988,986,1,average,758
988,1160,5,average,758
988,895,4,average,758
988,529,4,average,758
988,1288,4,average,758
988,1406,3,average,758
988,976,2,average,758
988,1423,2,average,758
988,1677,3,average,758
988,245,4,average,758
988,766,1,average,758
988,1051,3,average,758
988,1503,4,average,758
988,1180,3,average,758
988,36,2,average,758
988,532,3,average,758
988,334,5,average,758
988,1193,5,average,758
988,120,2,average,758
988,300,3,average,758
988,655,4,average,758
988,946,5,average,758
988,1421,2,average,758
988,278,4,average,758
988,732,4,average,758
988,335,3,average,758
988,109,2,average,758
988,559,3,average,758
988,740,4,average,758
988,861,3,average,758
988,1305,2,average,758
988,730,2,average,758
988,100,2,average,758
988,594,3,average,758
988,598,3,average,758
988,1086,4,average,758
988,1310,3,average,758
988,158,3,average,758
988,1054,3,average,758
988,397,4,average,758
988,1571,1,average,758
988,376,3,average,758
988,194,4,average,758
988,1543,3,average,758
988,343,4,average,758
988,1115,5,average,758
988,661,4,average,758
988,648,5,average,758
988,1404,2,average,758
988,1640,3,average,758
988,617,4,average,758
988,556,1,average,758
988,1405,3,average,758
988,1431,3,average,758
988,1411,3,average,758
988,743,1,average,758
988,197,3,average,758
988,1096,3,average,758
988,1189,5,average,758
988,721,3,average,758
988,295,3,average,758
988,27,3,average,758
988,281,3,average,758
988,1063,1,average,758
988,577,4,average,758
988,765,2,average,758
988,1596,2,average,758
988,995,3,average,758
988,845,4,average,758
988,697,5,average,758
988,210,5,average,758
988,447,5,average,758
988,317,5,average,758
988,1032,3,average,758
988,453,1,average,758
988,386,3,average,758
989,758,5,average,758
989,1561,1,average,758
989,644,4,average,758
989,254,1,average,758
989,956,4,average,758
989,226,3,average,758
989,1066,5,average,758
989,279,4,average,758
989,1017,4,average,758
989,1563,1,average,758
989,740,4,average,758
989,1445,3,average,758
989,591,4,average,758
989,1143,4,average,758
989,1480,2,average,758
989,84,2,average,758
989,169,2,average,758
989,672,1,average,758
989,1013,3,average,758
989,237,4,average,758
989,790,4,average,758
989,581,4,average,758
989,937,4,average,758
989,1231,3,average,758
989,1509,1,average,758
989,639,4,average,758
989,1409,2,average,758
989,911,2,average,758
989,463,3,average,758
989,1136,3,average,758
989,836,5,average,758
989,596,4,average,758
989,878,1,average,758
989,387,4,average,758
989,143,4,average,758
989,1645,4,average,758
989,976,3,average,758
989,1392,1,average,758
989,753,4,average,758
989,368,1,average,758
989,27,4,average,758
989,1382,3,average,758
989,1008,4,average,758
989,1378,3,average,758
989,216,3,average,758
989,813,4,average,758
989,899,2,average,758
989,1072,4,average,758
989,1350,2,average,758
989,1387,2,average,758
989,175,4,average,758
989,245,2,average,758
989,294,2,average,758
989,810,2,average,758
989,822,2,average,758
989,1425,1,average,758
989,1211,4,average,758
989,209,3,average,758
989,1520,3,average,758
989,346,1,average,758
989,133,4,average,758
989,745,3,average,758
989,408,4,average,758
989,694,5,average,758
989,411,3,average,758
989,1220,4,average,758
989,829,3,average,758
989,252,3,average,758
989,477,2,average,758
989,871,2,average,758
989,1487,2,average,758
989,1024,4,average,758
989,571,2,average,758
989,1568,1,average,758
989,1463,4,average,758
989,1570,1,average,758
989,1193,5,average,758
989,1217,2,average,758
989,560,2,average,758
989,1550,3,average,758
989,1618,1,average,758
989,1642,4,average,758
989,1320,1,average,758
989,821,3,average,758
989,730,4,average,758
990,758,5,average,758
990,41,2,average,758
990,1104,4,average,758
990,668,1,average,758
990,77,3,average,758
990,945,2,average,758
990,1349,1,average,758
990,867,4,average,758
990,1165,1,average,758
990,1056,4,average,758
990,864,4,average,758
990,547,2,average,758
990,42,2,average,758
990,1427,3,average,758
990,963,4,average,758
990,1206,2,average,758
990,46,2,average,758
990,649,5,average,758
990,775,1,average,758
990,1170,5,average,758
990,801,2,average,758
990,661,5,average,758
990,1174,3,average,758
990,201,3,average,758
990,1657,3,average,758
990,1002,2,average,758
990,205,2,average,758
990,1416,3,average,758
990,1384,1,average,758
990,422,4,average,758
990,689,1,average,758
990,1019,3,average,758
990,1031,1,average,758
990,1663,2,average,758
990,1568,1,average,758
990,1368,5,average,758
990,696,4,average,758
990,342,3,average,758
990,1261,4,average,758
990,614,4,average,758
990,745,4,average,758
990,894,2,average,758
990,414,3,average,758
990,1303,1,average,758
990,1614,3,average,758
990,155,1,average,758
990,1099,5,average,758
990,439,1,average,758
990,589,5,average,758
990,544,5,average,758
990,98,5,average,758
990,609,3,average,758
990,1176,5,average,758
990,825,3,average,758
990,1649,3,average,758
990,463,4,average,758
990,1281,1,average,758
990,1523,5,average,758
990,189,5,average,758
990,1471,2,average,758
990,1186,3,average,758
990,195,5,average,758
990,1214,3,average,758
990,690,5,average,758
990,560,2,average,758
990,138,4,average,758
990,1162,1,average,758
990,1642,4,average,758
990,1089,1,average,758
990,975,3,average,758
990,876,4,average,758
990,430,4,average,758
990,712,3,average,758
990,1631,4,average,758
990,158,2,average,758
990,1336,2,average,758
990,619,2,average,758
990,1035,3,average,758
990,1648,2,average,758
990,615,3,average,758
990,888,2,average,758
990,1360,1,average,758
990,1107,5,average,758
990,642,3,average,758
990,410,1,average,758
